GSM5988036	GSE199826
GSM5988037	GSE199826
GSM5988038	GSE199826
GSM5988039	GSE199826
GSM5988040	GSE199826
GSM5988041	GSE199826
GSM5988042	GSE199826
GSM5988043	GSE199826
GSM5988044	GSE199826
GSM5988045	GSE199826
GSM5988046	GSE199826
GSM5988047	GSE199826
GSM5988048	GSE199826
GSM5988049	GSE199826
GSM5988050	GSE199826
GSM5988051	GSE199826
GSM5988052	GSE199826
GSM5988053	GSE199826
GSM5988054	GSE199826
GSM5988055	GSE199826
GSM5988056	GSE199826
GSM5988057	GSE199826
GSM5988058	GSE199826
GSM5988059	GSE199826
GSM5988060	GSE199826
GSM5988061	GSE199826
GSM5988062	GSE199826
GSM6616111	GSE214802
GSM6616112	GSE214802
GSM6616113	GSE214802
GSM6616114	GSE214802
GSM6616115	GSE214802
GSM6616116	GSE214802
GSM6616117	GSE214802
GSM6616118	GSE214802
GSM7252300	GSE231147
GSM7252301	GSE231147
GSM6735122	GSE218129
GSM6735123	GSE218129
GSM6735124	GSE218129
GSM6735125	GSE218129
GSM6735126	GSE218129
GSM6735127	GSE218129
GSM6735128	GSE218129
GSM6735129	GSE218129
GSM6735130	GSE218129
GSM6735131	GSE218129
GSM6735132	GSE218129
GSM6735133	GSE218129
GSM7373348	GSE232753
GSM7373349	GSE232753
GSM7373350	GSE232753
GSM7373351	GSE232753
GSM7373352	GSE232753
GSM7373353	GSE232753
GSM7373354	GSE232753
GSM7373355	GSE232753
GSM7373356	GSE232753
GSM7373357	GSE232753
GSM7373358	GSE232753
GSM7373359	GSE232753
GSM7373360	GSE232753
GSM7373361	GSE232753
GSM7373362	GSE232753
GSM7373363	GSE232753
GSM7373364	GSE232753
GSM7373365	GSE232753
GSM7373366	GSE232753
GSM7373367	GSE232753
GSM7373368	GSE232753
GSM7373369	GSE232753
GSM7373370	GSE232753
GSM7373371	GSE232753
GSM7373372	GSE232753
GSM7373373	GSE232753
GSM7373374	GSE232753
GSM7373375	GSE232753
GSM6170832	GSE203380
GSM6170833	GSE203380
GSM6170834	GSE203380
GSM6170835	GSE203380
GSM6170836	GSE203380
GSM6857365	GSE221263
GSM6857366	GSE221263
GSM6857367	GSE221263
GSM6857368	GSE221263
GSM6857369	GSE221263
GSM6857370	GSE221263
GSM6857371	GSE221263
GSM6857372	GSE221263
GSM6857373	GSE221263
GSM6857374	GSE221263
GSM6857375	GSE221263
GSM6857376	GSE221263
GSM6857377	GSE221263
GSM6857378	GSE221263
GSM6857379	GSE221263
GSM6857380	GSE221263
GSM6857381	GSE221263
GSM6857382	GSE221263
GSM6857383	GSE221263
GSM6857384	GSE221263
GSM6857385	GSE221263
GSM6857386	GSE221263
GSM6857387	GSE221263
GSM6857388	GSE221263
GSM6857389	GSE221263
GSM6857390	GSE221263
GSM6857391	GSE221263
GSM6857392	GSE221263
GSM6857393	GSE221263
GSM6857394	GSE221263
GSM6857395	GSE221263
GSM7061968	GSE226047
GSM7061969	GSE226047
GSM7061970	GSE226047
GSM7061971	GSE226047
GSM7061972	GSE226047
GSM7061973	GSE226047
GSM7061974	GSE226047
GSM7061975	GSE226047
GSM7061976	GSE226047
GSM7061977	GSE226047
GSM7061978	GSE226047
GSM7061979	GSE226047
GSM7061980	GSE226047
GSM7061981	GSE226047
GSM7061982	GSE226047
GSM7061983	GSE226047
GSM7061984	GSE226047
GSM7061985	GSE226047
GSM7061986	GSE226047
GSM7061987	GSE226047
GSM7061988	GSE226047
GSM7061989	GSE226047
GSM5678390	GSE188375
GSM5678391	GSE188375
GSM5678392	GSE188375
GSM5678393	GSE188375
GSM8133449	GSE261063
GSM6782543	GSE219411
GSM6481394	GSE211608
GSM6481395	GSE211608
GSM6481396	GSE211608
GSM6481397	GSE211608
GSM6481398	GSE211608
GSM6481399	GSE211608
GSM6481400	GSE211608
GSM6481401	GSE211608
GSM6481402	GSE211608
GSM5695025	GSE189138
GSM5695026	GSE189138
GSM5695027	GSE189138
GSM5695028	GSE189138
GSM5695029	GSE189138
GSM5695030	GSE189138
GSM8242669	GSE266229
GSM8242670	GSE266229
GSM8242671	GSE266229
GSM8242672	GSE266229
GSM8242673	GSE266229
GSM8242674	GSE266229
GSM8242675	GSE266229
GSM8242676	GSE266229
GSM8242677	GSE266229
GSM8242678	GSE266229
GSM8242679	GSE266229
GSM8242680	GSE266229
GSM8242681	GSE266229
GSM8242682	GSE266229
GSM8242683	GSE266229
GSM8242684	GSE266229
GSM8242685	GSE266229
GSM8242686	GSE266229
GSM6710225	GSE217437
GSM6710226	GSE217437
GSM6716211	GSE217437
GSM6716212	GSE217437
GSM6716213	GSE217437
GSM6716214	GSE217437
GSM6716215	GSE217437
GSM6716216	GSE217437
GSM6716217	GSE217437
GSM6718796	GSE217437
GSM4368435	GSE146220
GSM4368436	GSE146220
GSM4368437	GSE146220
GSM4368438	GSE146220
GSM4368439	GSE146220
GSM4368440	GSE146220
GSM4368441	GSE146220
GSM4368442	GSE146220
GSM4368443	GSE146220
GSM4368444	GSE146220
GSM4368445	GSE146220
GSM4368446	GSE146220
GSM4368447	GSE146220
GSM4368448	GSE146220
GSM4368449	GSE146220
GSM4368450	GSE146220
GSM4368451	GSE146220
GSM4368452	GSE146220
GSM4368453	GSE146220
GSM4368454	GSE146220
GSM4368455	GSE146220
GSM4368456	GSE146220
GSM4368457	GSE146220
GSM4368458	GSE146220
GSM4368459	GSE146220
GSM4368460	GSE146220
GSM4368461	GSE146220
GSM5610326	GSE185295
GSM5610327	GSE185295
GSM5610328	GSE185295
GSM5610329	GSE185295
GSM5610330	GSE185295
GSM5610331	GSE185295
GSM5610332	GSE185295
GSM5610333	GSE185295
GSM5610334	GSE185295
GSM6510412	GSE212160
GSM6510413	GSE212160
GSM6510414	GSE212160
GSM6510415	GSE212160
GSM6510416	GSE212160
GSM6510417	GSE212160
GSM6510418	GSE212160
GSM6510419	GSE212160
GSM6510420	GSE212160
GSM6510421	GSE212160
GSM6510422	GSE212160
GSM6510423	GSE212160
GSM6510424	GSE212160
GSM6510425	GSE212160
GSM6510426	GSE212160
GSM6510427	GSE212160
GSM6510428	GSE212160
GSM6510429	GSE212160
GSM6510430	GSE212160
GSM6510431	GSE212160
GSM6510432	GSE212160
GSM6510433	GSE212160
GSM6510434	GSE212160
GSM6510435	GSE212160
GSM6510436	GSE212160
GSM6510437	GSE212160
GSM6510438	GSE212160
GSM6510439	GSE212160
GSM6510440	GSE212160
GSM6510441	GSE212160
GSM6510442	GSE212160
GSM6510443	GSE212160
GSM6510444	GSE212160
GSM6510445	GSE212160
GSM6510446	GSE212160
GSM6510447	GSE212160
GSM6510448	GSE212160
GSM6510449	GSE212160
GSM6510450	GSE212160
GSM6510451	GSE212160
GSM6510452	GSE212160
GSM6510453	GSE212160
GSM6510454	GSE212160
GSM6510455	GSE212160
GSM6510456	GSE212160
GSM6510457	GSE212160
GSM6510458	GSE212160
GSM6510459	GSE212160
GSM6510460	GSE212160
GSM6510461	GSE212160
GSM6510462	GSE212160
GSM6510463	GSE212160
GSM6510464	GSE212160
GSM6510465	GSE212160
GSM6510466	GSE212160
GSM6510467	GSE212160
GSM6510468	GSE212160
GSM6510469	GSE212160
GSM6510470	GSE212160
GSM6510471	GSE212160
GSM6510472	GSE212160
GSM6510473	GSE212160
GSM6510474	GSE212160
GSM6510475	GSE212160
GSM6510476	GSE212160
GSM6510477	GSE212160
GSM6510478	GSE212160
GSM6510479	GSE212160
GSM6510480	GSE212160
GSM6510481	GSE212160
GSM6510482	GSE212160
GSM6510483	GSE212160
GSM6510484	GSE212160
GSM6510485	GSE212160
GSM6510486	GSE212160
GSM6510487	GSE212160
GSM6510488	GSE212160
GSM6510489	GSE212160
GSM6510490	GSE212160
GSM6510491	GSE212160
GSM6510492	GSE212160
GSM6510493	GSE212160
GSM6510494	GSE212160
GSM6510495	GSE212160
GSM6510496	GSE212160
GSM6510497	GSE212160
GSM6510498	GSE212160
GSM6510499	GSE212160
GSM6510500	GSE212160
GSM6510501	GSE212160
GSM6510502	GSE212160
GSM6510503	GSE212160
GSM6510504	GSE212160
GSM6510505	GSE212160
GSM6510506	GSE212160
GSM6510507	GSE212160
GSM6510508	GSE212160
GSM6510509	GSE212160
GSM6510510	GSE212160
GSM6510511	GSE212160
GSM6510512	GSE212160
GSM6510513	GSE212160
GSM6510514	GSE212160
GSM6510515	GSE212160
GSM6510516	GSE212160
GSM6510517	GSE212160
GSM6510518	GSE212160
GSM6510519	GSE212160
GSM6510520	GSE212160
GSM6510521	GSE212160
GSM6510522	GSE212160
GSM6510523	GSE212160
GSM6510524	GSE212160
GSM6510525	GSE212160
GSM6510526	GSE212160
GSM6510527	GSE212160
GSM6510528	GSE212160
GSM6510529	GSE212160
GSM6510530	GSE212160
GSM6510531	GSE212160
GSM6510532	GSE212160
GSM6510533	GSE212160
GSM6510534	GSE212160
GSM6510535	GSE212160
GSM6510536	GSE212160
GSM6510537	GSE212160
GSM6510538	GSE212160
GSM6510539	GSE212160
GSM6510540	GSE212160
GSM6510541	GSE212160
GSM6510542	GSE212160
GSM6510543	GSE212160
GSM6510544	GSE212160
GSM6510545	GSE212160
GSM6510546	GSE212160
GSM6510547	GSE212160
GSM6510548	GSE212160
GSM6510549	GSE212160
GSM6510550	GSE212160
GSM6510551	GSE212160
GSM6510552	GSE212160
GSM6510553	GSE212160
GSM6510554	GSE212160
GSM6510555	GSE212160
GSM6510556	GSE212160
GSM6510557	GSE212160
GSM6510558	GSE212160
GSM6510559	GSE212160
GSM6510560	GSE212160
GSM6510561	GSE212160
GSM6510562	GSE212160
GSM6510563	GSE212160
GSM6510564	GSE212160
GSM6510565	GSE212160
GSM6510566	GSE212160
GSM6510567	GSE212160
GSM6510568	GSE212160
GSM6510569	GSE212160
GSM6510570	GSE212160
GSM6510571	GSE212160
GSM6510572	GSE212160
GSM6510573	GSE212160
GSM6510574	GSE212160
GSM6510575	GSE212160
GSM6510576	GSE212160
GSM6510577	GSE212160
GSM6510578	GSE212160
GSM6510579	GSE212160
GSM6510580	GSE212160
GSM6510581	GSE212160
GSM6510582	GSE212160
GSM6510583	GSE212160
GSM6510584	GSE212160
GSM6510585	GSE212160
GSM6510586	GSE212160
GSM6510587	GSE212160
GSM6510588	GSE212160
GSM6510589	GSE212160
GSM6510590	GSE212160
GSM6510591	GSE212160
GSM6510592	GSE212160
GSM6510593	GSE212160
GSM6510594	GSE212160
GSM6510595	GSE212160
GSM6510596	GSE212160
GSM6510597	GSE212160
GSM6510598	GSE212160
GSM6510599	GSE212160
GSM6510600	GSE212160
GSM6510601	GSE212160
GSM6510602	GSE212160
GSM6510603	GSE212160
GSM6510604	GSE212160
GSM6510605	GSE212160
GSM6510606	GSE212160
GSM6510607	GSE212160
GSM6510608	GSE212160
GSM6510609	GSE212160
GSM6510610	GSE212160
GSM6510611	GSE212160
GSM6510612	GSE212160
GSM6510613	GSE212160
GSM6510614	GSE212160
GSM6510615	GSE212160
GSM6510616	GSE212160
GSM6510617	GSE212160
GSM6510618	GSE212160
GSM6510619	GSE212160
GSM6510620	GSE212160
GSM6510621	GSE212160
GSM6510622	GSE212160
GSM6510623	GSE212160
GSM6510624	GSE212160
GSM6510625	GSE212160
GSM6510626	GSE212160
GSM6510627	GSE212160
GSM6510628	GSE212160
GSM6510629	GSE212160
GSM6510630	GSE212160
GSM6510631	GSE212160
GSM6510632	GSE212160
GSM6510633	GSE212160
GSM6510634	GSE212160
GSM6510635	GSE212160
GSM6510636	GSE212160
GSM6510637	GSE212160
GSM6510638	GSE212160
GSM6510639	GSE212160
GSM6510640	GSE212160
GSM6510641	GSE212160
GSM6510642	GSE212160
GSM6510643	GSE212160
GSM6510644	GSE212160
GSM6510645	GSE212160
GSM6510646	GSE212160
GSM6510647	GSE212160
GSM6510648	GSE212160
GSM6510649	GSE212160
GSM6510650	GSE212160
GSM6510651	GSE212160
GSM6510652	GSE212160
GSM6510653	GSE212160
GSM6510654	GSE212160
GSM6510655	GSE212160
GSM6510656	GSE212160
GSM6510657	GSE212160
GSM6510658	GSE212160
GSM6510659	GSE212160
GSM6510660	GSE212160
GSM6510661	GSE212160
GSM6510662	GSE212160
GSM6510663	GSE212160
GSM6510664	GSE212160
GSM6510665	GSE212160
GSM6510666	GSE212160
GSM6510667	GSE212160
GSM6510668	GSE212160
GSM6510669	GSE212160
GSM6510670	GSE212160
GSM6510671	GSE212160
GSM6510672	GSE212160
GSM6510673	GSE212160
GSM6510674	GSE212160
GSM6510675	GSE212160
GSM6510676	GSE212160
GSM6510677	GSE212160
GSM6510678	GSE212160
GSM6510679	GSE212160
GSM6510680	GSE212160
GSM6510681	GSE212160
GSM6510682	GSE212160
GSM6510683	GSE212160
GSM6510684	GSE212160
GSM6510685	GSE212160
GSM6510686	GSE212160
GSM6510687	GSE212160
GSM6510688	GSE212160
GSM6510689	GSE212160
GSM6510690	GSE212160
GSM6510691	GSE212160
GSM6510692	GSE212160
GSM6510693	GSE212160
GSM6510694	GSE212160
GSM6510695	GSE212160
GSM6510696	GSE212160
GSM6510697	GSE212160
GSM6510698	GSE212160
GSM6510699	GSE212160
GSM6510700	GSE212160
GSM6510701	GSE212160
GSM6510702	GSE212160
GSM6510703	GSE212160
GSM6510704	GSE212160
GSM6510705	GSE212160
GSM6510706	GSE212160
GSM6510707	GSE212160
GSM6510708	GSE212160
GSM6510709	GSE212160
GSM6510710	GSE212160
GSM6510711	GSE212160
GSM6510712	GSE212160
GSM6510713	GSE212160
GSM6510714	GSE212160
GSM6510715	GSE212160
GSM6510716	GSE212160
GSM6510717	GSE212160
GSM6510718	GSE212160
GSM6510719	GSE212160
GSM6510720	GSE212160
GSM6510721	GSE212160
GSM6510722	GSE212160
GSM6510723	GSE212160
GSM6510724	GSE212160
GSM6510725	GSE212160
GSM6510726	GSE212160
GSM6510727	GSE212160
GSM6510728	GSE212160
GSM6510729	GSE212160
GSM6510730	GSE212160
GSM6510731	GSE212160
GSM6510732	GSE212160
GSM6510733	GSE212160
GSM6510734	GSE212160
GSM6510735	GSE212160
GSM6510736	GSE212160
GSM6510737	GSE212160
GSM6510738	GSE212160
GSM6510739	GSE212160
GSM6510740	GSE212160
GSM6510741	GSE212160
GSM6510742	GSE212160
GSM6510743	GSE212160
GSM6510744	GSE212160
GSM6510745	GSE212160
GSM6510746	GSE212160
GSM6510747	GSE212160
GSM6510748	GSE212160
GSM6510749	GSE212160
GSM6510750	GSE212160
GSM6510751	GSE212160
GSM6510752	GSE212160
GSM6510753	GSE212160
GSM6510754	GSE212160
GSM6510755	GSE212160
GSM6510756	GSE212160
GSM6510757	GSE212160
GSM6510758	GSE212160
GSM6510759	GSE212160
GSM6510760	GSE212160
GSM6510761	GSE212160
GSM6510762	GSE212160
GSM6510763	GSE212160
GSM6510764	GSE212160
GSM6510765	GSE212160
GSM6510766	GSE212160
GSM6510767	GSE212160
GSM6510768	GSE212160
GSM6510769	GSE212160
GSM6510770	GSE212160
GSM6510771	GSE212160
GSM6510772	GSE212160
GSM6510773	GSE212160
GSM6510774	GSE212160
GSM6510775	GSE212160
GSM6510776	GSE212160
GSM6510777	GSE212160
GSM6510778	GSE212160
GSM6510779	GSE212160
GSM6510780	GSE212160
GSM6510781	GSE212160
GSM6510782	GSE212160
GSM6510783	GSE212160
GSM6510784	GSE212160
GSM6510785	GSE212160
GSM6510786	GSE212160
GSM6510787	GSE212160
GSM6510788	GSE212160
GSM6510789	GSE212160
GSM6510790	GSE212160
GSM6510791	GSE212160
GSM6510792	GSE212160
GSM6510793	GSE212160
GSM6510794	GSE212160
GSM6510795	GSE212160
GSM6510796	GSE212160
GSM6510797	GSE212160
GSM6510798	GSE212160
GSM6510799	GSE212160
GSM6510800	GSE212160
GSM6510801	GSE212160
GSM6510802	GSE212160
GSM6510803	GSE212160
GSM6510804	GSE212160
GSM6510805	GSE212160
GSM6510806	GSE212160
GSM6510807	GSE212160
GSM6510808	GSE212160
GSM6510809	GSE212160
GSM6510810	GSE212160
GSM6510811	GSE212160
GSM6510812	GSE212160
GSM6510813	GSE212160
GSM6510814	GSE212160
GSM6510815	GSE212160
GSM6510816	GSE212160
GSM6510817	GSE212160
GSM6510818	GSE212160
GSM6510819	GSE212160
GSM6510820	GSE212160
GSM6510821	GSE212160
GSM6510822	GSE212160
GSM6510823	GSE212160
GSM6510824	GSE212160
GSM6510825	GSE212160
GSM6510826	GSE212160
GSM6510827	GSE212160
GSM6510828	GSE212160
GSM6510829	GSE212160
GSM6510830	GSE212160
GSM6510831	GSE212160
GSM6510832	GSE212160
GSM6510833	GSE212160
GSM6510834	GSE212160
GSM6510835	GSE212160
GSM6510836	GSE212160
GSM6510837	GSE212160
GSM6510838	GSE212160
GSM6510839	GSE212160
GSM6510840	GSE212160
GSM6510841	GSE212160
GSM6510842	GSE212160
GSM6510843	GSE212160
GSM6510844	GSE212160
GSM6510845	GSE212160
GSM6510846	GSE212160
GSM6510847	GSE212160
GSM6510848	GSE212160
GSM6510849	GSE212160
GSM6510850	GSE212160
GSM6510851	GSE212160
GSM6510852	GSE212160
GSM6510853	GSE212160
GSM6510854	GSE212160
GSM6510855	GSE212160
GSM6510856	GSE212160
GSM6510857	GSE212160
GSM6510858	GSE212160
GSM6510859	GSE212160
GSM6510860	GSE212160
GSM6510861	GSE212160
GSM6510862	GSE212160
GSM6510863	GSE212160
GSM6510864	GSE212160
GSM6510865	GSE212160
GSM6510866	GSE212160
GSM6510867	GSE212160
GSM6510868	GSE212160
GSM6510869	GSE212160
GSM6510870	GSE212160
GSM6510871	GSE212160
GSM6510872	GSE212160
GSM6510873	GSE212160
GSM6510874	GSE212160
GSM6510875	GSE212160
GSM6510876	GSE212160
GSM6510877	GSE212160
GSM6510878	GSE212160
GSM6510879	GSE212160
GSM6510880	GSE212160
GSM6510881	GSE212160
GSM6510882	GSE212160
GSM6510883	GSE212160
GSM6510884	GSE212160
GSM6510885	GSE212160
GSM6510886	GSE212160
GSM6510887	GSE212160
GSM6510888	GSE212160
GSM6510889	GSE212160
GSM6510890	GSE212160
GSM6510891	GSE212160
GSM6510892	GSE212160
GSM6510893	GSE212160
GSM6510894	GSE212160
GSM6510895	GSE212160
GSM6510896	GSE212160
GSM6510897	GSE212160
GSM6510898	GSE212160
GSM6510899	GSE212160
GSM6510900	GSE212160
GSM6510901	GSE212160
GSM6510902	GSE212160
GSM6510903	GSE212160
GSM6510904	GSE212160
GSM6510905	GSE212160
GSM6510906	GSE212160
GSM6510907	GSE212160
GSM6510908	GSE212160
GSM6510909	GSE212160
GSM6510910	GSE212160
GSM6510911	GSE212160
GSM6510912	GSE212160
GSM6510913	GSE212160
GSM6510914	GSE212160
GSM6510915	GSE212160
GSM6510916	GSE212160
GSM6510917	GSE212160
GSM6510918	GSE212160
GSM6510919	GSE212160
GSM6510920	GSE212160
GSM6510921	GSE212160
GSM6510922	GSE212160
GSM6510923	GSE212160
GSM6510924	GSE212160
GSM6510925	GSE212160
GSM6510926	GSE212160
GSM6510927	GSE212160
GSM6510928	GSE212160
GSM6510929	GSE212160
GSM6510930	GSE212160
GSM6510931	GSE212160
GSM6510932	GSE212160
GSM6510933	GSE212160
GSM6510934	GSE212160
GSM6510935	GSE212160
GSM6510936	GSE212160
GSM6510937	GSE212160
GSM6510938	GSE212160
GSM6510939	GSE212160
GSM6510940	GSE212160
GSM6510941	GSE212160
GSM6510942	GSE212160
GSM6510943	GSE212160
GSM6510944	GSE212160
GSM6510945	GSE212160
GSM6510946	GSE212160
GSM6510947	GSE212160
GSM6510948	GSE212160
GSM6510949	GSE212160
GSM6510950	GSE212160
GSM6510951	GSE212160
GSM6510952	GSE212160
GSM6510953	GSE212160
GSM6510954	GSE212160
GSM6510955	GSE212160
GSM6510956	GSE212160
GSM6510957	GSE212160
GSM6510958	GSE212160
GSM6510959	GSE212160
GSM6510960	GSE212160
GSM6510961	GSE212160
GSM6510962	GSE212160
GSM6510963	GSE212160
GSM6510964	GSE212160
GSM6510965	GSE212160
GSM6510966	GSE212160
GSM6510967	GSE212160
GSM6510968	GSE212160
GSM6510969	GSE212160
GSM6510970	GSE212160
GSM6510971	GSE212160
GSM6510972	GSE212160
GSM6510973	GSE212160
GSM6510974	GSE212160
GSM6510975	GSE212160
GSM6510976	GSE212160
GSM6510977	GSE212160
GSM6510978	GSE212160
GSM6510979	GSE212160
GSM6510980	GSE212160
GSM6510981	GSE212160
GSM6510982	GSE212160
GSM6510983	GSE212160
GSM6510984	GSE212160
GSM6510985	GSE212160
GSM6510986	GSE212160
GSM6510987	GSE212160
GSM6510988	GSE212160
GSM6510989	GSE212160
GSM6510990	GSE212160
GSM6510991	GSE212160
GSM6510992	GSE212160
GSM6510993	GSE212160
GSM6510994	GSE212160
GSM6510995	GSE212160
GSM6510996	GSE212160
GSM6510997	GSE212160
GSM6510998	GSE212160
GSM6510999	GSE212160
GSM6511000	GSE212160
GSM6511001	GSE212160
GSM6511002	GSE212160
GSM6511003	GSE212160
GSM6511004	GSE212160
GSM6511005	GSE212160
GSM6511006	GSE212160
GSM6511007	GSE212160
GSM6511008	GSE212160
GSM6511009	GSE212160
GSM6511010	GSE212160
GSM6511011	GSE212160
GSM6511012	GSE212160
GSM6511013	GSE212160
GSM6511014	GSE212160
GSM6511015	GSE212160
GSM6511016	GSE212160
GSM6511017	GSE212160
GSM6511018	GSE212160
GSM6511019	GSE212160
GSM6511020	GSE212160
GSM6511021	GSE212160
GSM6511022	GSE212160
GSM6511023	GSE212160
GSM6511024	GSE212160
GSM6511025	GSE212160
GSM6511026	GSE212160
GSM6511027	GSE212160
GSM6511028	GSE212160
GSM6511029	GSE212160
GSM6511030	GSE212160
GSM6511031	GSE212160
GSM6511032	GSE212160
GSM6511033	GSE212160
GSM6511034	GSE212160
GSM6511035	GSE212160
GSM6511036	GSE212160
GSM6511037	GSE212160
GSM6511038	GSE212160
GSM6511039	GSE212160
GSM6511040	GSE212160
GSM6511041	GSE212160
GSM6511042	GSE212160
GSM6511043	GSE212160
GSM6511044	GSE212160
GSM6511045	GSE212160
GSM6511046	GSE212160
GSM6511047	GSE212160
GSM6511048	GSE212160
GSM6511049	GSE212160
GSM6511050	GSE212160
GSM6511051	GSE212160
GSM6511052	GSE212160
GSM6511053	GSE212160
GSM6511054	GSE212160
GSM6511055	GSE212160
GSM6511056	GSE212160
GSM6511057	GSE212160
GSM6511058	GSE212160
GSM6511059	GSE212160
GSM6511060	GSE212160
GSM6511061	GSE212160
GSM6511062	GSE212160
GSM6511063	GSE212160
GSM6511064	GSE212160
GSM6511065	GSE212160
GSM6511066	GSE212160
GSM6511067	GSE212160
GSM6511068	GSE212160
GSM6511069	GSE212160
GSM6511070	GSE212160
GSM6511071	GSE212160
GSM6511072	GSE212160
GSM6511073	GSE212160
GSM6511074	GSE212160
GSM6511075	GSE212160
GSM6511076	GSE212160
GSM6511077	GSE212160
GSM6511078	GSE212160
GSM6511079	GSE212160
GSM6511080	GSE212160
GSM6511081	GSE212160
GSM6511082	GSE212160
GSM6511083	GSE212160
GSM6511084	GSE212160
GSM6511085	GSE212160
GSM6511086	GSE212160
GSM6511087	GSE212160
GSM6511088	GSE212160
GSM6511089	GSE212160
GSM6511090	GSE212160
GSM6511091	GSE212160
GSM6511092	GSE212160
GSM6511093	GSE212160
GSM6511094	GSE212160
GSM6511095	GSE212160
GSM6511096	GSE212160
GSM6511097	GSE212160
GSM6511098	GSE212160
GSM6511099	GSE212160
GSM6511100	GSE212160
GSM6511101	GSE212160
GSM6511102	GSE212160
GSM6511103	GSE212160
GSM6511104	GSE212160
GSM6511105	GSE212160
GSM6511106	GSE212160
GSM6511107	GSE212160
GSM6511108	GSE212160
GSM6511109	GSE212160
GSM6511110	GSE212160
GSM6511111	GSE212160
GSM6511112	GSE212160
GSM6511113	GSE212160
GSM6511114	GSE212160
GSM6511115	GSE212160
GSM6511116	GSE212160
GSM6511117	GSE212160
GSM6511118	GSE212160
GSM6511119	GSE212160
GSM6511120	GSE212160
GSM6511121	GSE212160
GSM6511122	GSE212160
GSM6511123	GSE212160
GSM6511124	GSE212160
GSM6511125	GSE212160
GSM6511126	GSE212160
GSM6511127	GSE212160
GSM6511128	GSE212160
GSM6511129	GSE212160
GSM6511130	GSE212160
GSM6511131	GSE212160
GSM6511132	GSE212160
GSM6511133	GSE212160
GSM6511134	GSE212160
GSM6511135	GSE212160
GSM6511136	GSE212160
GSM6511137	GSE212160
GSM6511138	GSE212160
GSM6511139	GSE212160
GSM6511140	GSE212160
GSM6511141	GSE212160
GSM6511142	GSE212160
GSM6511143	GSE212160
GSM6511144	GSE212160
GSM6511145	GSE212160
GSM6511146	GSE212160
GSM6511147	GSE212160
GSM6511148	GSE212160
GSM6511149	GSE212160
GSM6511150	GSE212160
GSM6511151	GSE212160
GSM6511152	GSE212160
GSM6511153	GSE212160
GSM6511154	GSE212160
GSM6511155	GSE212160
GSM6511156	GSE212160
GSM6511157	GSE212160
GSM6511158	GSE212160
GSM6511159	GSE212160
GSM6511160	GSE212160
GSM6511161	GSE212160
GSM6511162	GSE212160
GSM6511163	GSE212160
GSM6511164	GSE212160
GSM6511165	GSE212160
GSM6511166	GSE212160
GSM6511167	GSE212160
GSM6511168	GSE212160
GSM6511169	GSE212160
GSM6511170	GSE212160
GSM6511171	GSE212160
GSM6511172	GSE212160
GSM6511173	GSE212160
GSM6511174	GSE212160
GSM6511175	GSE212160
GSM6511176	GSE212160
GSM6511177	GSE212160
GSM6511178	GSE212160
GSM6511179	GSE212160
GSM6511180	GSE212160
GSM6511181	GSE212160
GSM6511182	GSE212160
GSM6511183	GSE212160
GSM6511184	GSE212160
GSM6511185	GSE212160
GSM6511186	GSE212160
GSM6511187	GSE212160
GSM6511188	GSE212160
GSM6511189	GSE212160
GSM6511190	GSE212160
GSM6511191	GSE212160
GSM6511192	GSE212160
GSM6511193	GSE212160
GSM6511194	GSE212160
GSM6511195	GSE212160
GSM6511196	GSE212160
GSM6511197	GSE212160
GSM6511198	GSE212160
GSM6511199	GSE212160
GSM6511200	GSE212160
GSM6511201	GSE212160
GSM6511202	GSE212160
GSM6511203	GSE212160
GSM6511204	GSE212160
GSM6511205	GSE212160
GSM6511206	GSE212160
GSM6511207	GSE212160
GSM6511208	GSE212160
GSM6511209	GSE212160
GSM6511210	GSE212160
GSM6511211	GSE212160
GSM6511212	GSE212160
GSM6511213	GSE212160
GSM6511214	GSE212160
GSM6511215	GSE212160
GSM6511216	GSE212160
GSM6511217	GSE212160
GSM6511218	GSE212160
GSM6511219	GSE212160
GSM6511220	GSE212160
GSM6511221	GSE212160
GSM6511222	GSE212160
GSM6511223	GSE212160
GSM6511224	GSE212160
GSM6511225	GSE212160
GSM6511226	GSE212160
GSM6511227	GSE212160
GSM6511228	GSE212160
GSM6511229	GSE212160
GSM6511230	GSE212160
GSM6511231	GSE212160
GSM6511232	GSE212160
GSM6511233	GSE212160
GSM6511234	GSE212160
GSM6511235	GSE212160
GSM6511236	GSE212160
GSM6511237	GSE212160
GSM6511238	GSE212160
GSM6511239	GSE212160
GSM6511240	GSE212160
GSM6511241	GSE212160
GSM6511242	GSE212160
GSM6511243	GSE212160
GSM6511244	GSE212160
GSM6511245	GSE212160
GSM6511246	GSE212160
GSM6511247	GSE212160
GSM6511248	GSE212160
GSM6511249	GSE212160
GSM6511250	GSE212160
GSM6511251	GSE212160
GSM6511252	GSE212160
GSM6511253	GSE212160
GSM6511254	GSE212160
GSM6511255	GSE212160
GSM6511256	GSE212160
GSM6511257	GSE212160
GSM6511258	GSE212160
GSM6511259	GSE212160
GSM6511260	GSE212160
GSM6511261	GSE212160
GSM6511262	GSE212160
GSM6511263	GSE212160
GSM6511264	GSE212160
GSM6511265	GSE212160
GSM6511266	GSE212160
GSM6511267	GSE212160
GSM6511268	GSE212160
GSM6511269	GSE212160
GSM6511270	GSE212160
GSM6511271	GSE212160
GSM6511272	GSE212160
GSM6511273	GSE212160
GSM6511274	GSE212160
GSM6511275	GSE212160
GSM6511276	GSE212160
GSM6511277	GSE212160
GSM6511278	GSE212160
GSM6511279	GSE212160
GSM6511280	GSE212160
GSM6511281	GSE212160
GSM6511282	GSE212160
GSM6511283	GSE212160
GSM6511284	GSE212160
GSM6511285	GSE212160
GSM6511286	GSE212160
GSM6511287	GSE212160
GSM6511288	GSE212160
GSM6511289	GSE212160
GSM6511290	GSE212160
GSM6511291	GSE212160
GSM6511292	GSE212160
GSM6511293	GSE212160
GSM6511294	GSE212160
GSM6511295	GSE212160
GSM6511296	GSE212160
GSM6511297	GSE212160
GSM6511298	GSE212160
GSM6511299	GSE212160
GSM6511300	GSE212160
GSM6511301	GSE212160
GSM6511302	GSE212160
GSM6511303	GSE212160
GSM6511304	GSE212160
GSM6511305	GSE212160
GSM6511306	GSE212160
GSM6511307	GSE212160
GSM6511308	GSE212160
GSM6511309	GSE212160
GSM6511310	GSE212160
GSM6511311	GSE212160
GSM6511312	GSE212160
GSM6511313	GSE212160
GSM6511314	GSE212160
GSM6511315	GSE212160
GSM6511316	GSE212160
GSM6511317	GSE212160
GSM6511318	GSE212160
GSM6511319	GSE212160
GSM6511320	GSE212160
GSM6511321	GSE212160
GSM6511322	GSE212160
GSM6511323	GSE212160
GSM6511324	GSE212160
GSM6511325	GSE212160
GSM6511326	GSE212160
GSM6511327	GSE212160
GSM6511328	GSE212160
GSM6511329	GSE212160
GSM6511330	GSE212160
GSM6511331	GSE212160
GSM6511332	GSE212160
GSM6511333	GSE212160
GSM6511334	GSE212160
GSM6511335	GSE212160
GSM6511336	GSE212160
GSM6511337	GSE212160
GSM6511338	GSE212160
GSM6511339	GSE212160
GSM6511340	GSE212160
GSM6511341	GSE212160
GSM6511342	GSE212160
GSM6511343	GSE212160
GSM6511344	GSE212160
GSM6511345	GSE212160
GSM6511346	GSE212160
GSM6511347	GSE212160
GSM6511348	GSE212160
GSM6511349	GSE212160
GSM6511350	GSE212160
GSM6511351	GSE212160
GSM6511352	GSE212160
GSM6511353	GSE212160
GSM6511354	GSE212160
GSM6511355	GSE212160
GSM6511356	GSE212160
GSM6511357	GSE212160
GSM6511358	GSE212160
GSM6511359	GSE212160
GSM6511360	GSE212160
GSM6511361	GSE212160
GSM6511362	GSE212160
GSM6511363	GSE212160
GSM6511364	GSE212160
GSM6511365	GSE212160
GSM6511366	GSE212160
GSM6511367	GSE212160
GSM6511368	GSE212160
GSM6511369	GSE212160
GSM6511370	GSE212160
GSM6511371	GSE212160
GSM6511372	GSE212160
GSM6511373	GSE212160
GSM6511374	GSE212160
GSM6511375	GSE212160
GSM6511376	GSE212160
GSM6511377	GSE212160
GSM6511378	GSE212160
GSM6511379	GSE212160
GSM6511380	GSE212160
GSM6511381	GSE212160
GSM6511382	GSE212160
GSM6511383	GSE212160
GSM6511384	GSE212160
GSM6511385	GSE212160
GSM6511386	GSE212160
GSM6511387	GSE212160
GSM6511388	GSE212160
GSM6511389	GSE212160
GSM6511390	GSE212160
GSM6511391	GSE212160
GSM6511392	GSE212160
GSM6511393	GSE212160
GSM6511394	GSE212160
GSM6511395	GSE212160
GSM6511396	GSE212160
GSM6511397	GSE212160
GSM6511398	GSE212160
GSM6511399	GSE212160
GSM6511400	GSE212160
GSM6511401	GSE212160
GSM6511402	GSE212160
GSM6511403	GSE212160
GSM6511404	GSE212160
GSM6511405	GSE212160
GSM6511406	GSE212160
GSM6511407	GSE212160
GSM6511408	GSE212160
GSM6511409	GSE212160
GSM6511410	GSE212160
GSM6511411	GSE212160
GSM6511412	GSE212160
GSM6511413	GSE212160
GSM6511414	GSE212160
GSM6511415	GSE212160
GSM6511416	GSE212160
GSM6511417	GSE212160
GSM6511418	GSE212160
GSM6511419	GSE212160
GSM6511420	GSE212160
GSM6511421	GSE212160
GSM6511422	GSE212160
GSM6511423	GSE212160
GSM6511424	GSE212160
GSM6511425	GSE212160
GSM6511426	GSE212160
GSM6511427	GSE212160
GSM6511428	GSE212160
GSM6511429	GSE212160
GSM6511430	GSE212160
GSM6511431	GSE212160
GSM6511432	GSE212160
GSM6511433	GSE212160
GSM6511434	GSE212160
GSM6511435	GSE212160
GSM6511436	GSE212160
GSM6511437	GSE212160
GSM6511438	GSE212160
GSM6511439	GSE212160
GSM6511440	GSE212160
GSM6511441	GSE212160
GSM6511442	GSE212160
GSM6511443	GSE212160
GSM6511444	GSE212160
GSM6511445	GSE212160
GSM6511446	GSE212160
GSM6511447	GSE212160
GSM6511448	GSE212160
GSM6511449	GSE212160
GSM6511450	GSE212160
GSM6511451	GSE212160
GSM6511452	GSE212160
GSM6511453	GSE212160
GSM6511454	GSE212160
GSM6511455	GSE212160
GSM6511456	GSE212160
GSM6511457	GSE212160
GSM6511458	GSE212160
GSM6511459	GSE212160
GSM6511460	GSE212160
GSM6511461	GSE212160
GSM6511462	GSE212160
GSM6511463	GSE212160
GSM6511464	GSE212160
GSM6511465	GSE212160
GSM6511466	GSE212160
GSM6511467	GSE212160
GSM6511468	GSE212160
GSM6511469	GSE212160
GSM6511470	GSE212160
GSM6511471	GSE212160
GSM6511472	GSE212160
GSM6511473	GSE212160
GSM6511474	GSE212160
GSM6511475	GSE212160
GSM6511476	GSE212160
GSM6511477	GSE212160
GSM6511478	GSE212160
GSM6511479	GSE212160
GSM6511480	GSE212160
GSM6511481	GSE212160
GSM6511482	GSE212160
GSM6511483	GSE212160
GSM6511484	GSE212160
GSM6511485	GSE212160
GSM6511486	GSE212160
GSM6511487	GSE212160
GSM6511488	GSE212160
GSM6511489	GSE212160
GSM6511490	GSE212160
GSM6511491	GSE212160
GSM6511492	GSE212160
GSM6511493	GSE212160
GSM6511494	GSE212160
GSM6511495	GSE212160
GSM6511496	GSE212160
GSM6511497	GSE212160
GSM6511498	GSE212160
GSM6511499	GSE212160
GSM6511500	GSE212160
GSM6511501	GSE212160
GSM6511502	GSE212160
GSM6511503	GSE212160
GSM6511504	GSE212160
GSM6511505	GSE212160
GSM6511506	GSE212160
GSM6511507	GSE212160
GSM6511508	GSE212160
GSM6511509	GSE212160
GSM6511510	GSE212160
GSM6511511	GSE212160
GSM6511512	GSE212160
GSM6511513	GSE212160
GSM6511514	GSE212160
GSM6511515	GSE212160
GSM6511516	GSE212160
GSM6511517	GSE212160
GSM6511518	GSE212160
GSM6511519	GSE212160
GSM6511520	GSE212160
GSM6511521	GSE212160
GSM6511522	GSE212160
GSM6511523	GSE212160
GSM6511524	GSE212160
GSM6511525	GSE212160
GSM6511526	GSE212160
GSM6511527	GSE212160
GSM6511528	GSE212160
GSM6511529	GSE212160
GSM6511530	GSE212160
GSM6511531	GSE212160
GSM6511532	GSE212160
GSM6511533	GSE212160
GSM6511534	GSE212160
GSM6511535	GSE212160
GSM6511536	GSE212160
GSM6511537	GSE212160
GSM6511538	GSE212160
GSM6511539	GSE212160
GSM6511540	GSE212160
GSM6511541	GSE212160
GSM6511542	GSE212160
GSM6511543	GSE212160
GSM6511544	GSE212160
GSM6511545	GSE212160
GSM6511546	GSE212160
GSM6511547	GSE212160
GSM6511548	GSE212160
GSM6511549	GSE212160
GSM6511550	GSE212160
GSM6511551	GSE212160
GSM6511552	GSE212160
GSM6511553	GSE212160
GSM6511554	GSE212160
GSM6511555	GSE212160
GSM6511556	GSE212160
GSM6511557	GSE212160
GSM6511558	GSE212160
GSM6511559	GSE212160
GSM6511560	GSE212160
GSM6511561	GSE212160
GSM6511562	GSE212160
GSM6511563	GSE212160
GSM6511564	GSE212160
GSM6511565	GSE212160
GSM6511566	GSE212160
GSM6511567	GSE212160
GSM6511568	GSE212160
GSM6511569	GSE212160
GSM6511570	GSE212160
GSM6511571	GSE212160
GSM6511572	GSE212160
GSM6511573	GSE212160
GSM6511574	GSE212160
GSM6511575	GSE212160
GSM6511576	GSE212160
GSM6511577	GSE212160
GSM6511578	GSE212160
GSM6511579	GSE212160
GSM6511580	GSE212160
GSM6511581	GSE212160
GSM6511582	GSE212160
GSM6511583	GSE212160
GSM6511584	GSE212160
GSM6511585	GSE212160
GSM6511586	GSE212160
GSM6511587	GSE212160
GSM6511588	GSE212160
GSM6511589	GSE212160
GSM6511590	GSE212160
GSM6511591	GSE212160
GSM6511592	GSE212160
GSM6511593	GSE212160
GSM6511594	GSE212160
GSM6511595	GSE212160
GSM6511596	GSE212160
GSM6511597	GSE212160
GSM6511598	GSE212160
GSM6511599	GSE212160
GSM6511600	GSE212160
GSM6511601	GSE212160
GSM6511602	GSE212160
GSM6511603	GSE212160
GSM6511604	GSE212160
GSM6511605	GSE212160
GSM6511606	GSE212160
GSM6511607	GSE212160
GSM6511608	GSE212160
GSM6511609	GSE212160
GSM6511610	GSE212160
GSM6511611	GSE212160
GSM6511612	GSE212160
GSM6511613	GSE212160
GSM6511614	GSE212160
GSM6511615	GSE212160
GSM6511616	GSE212160
GSM6511617	GSE212160
GSM6511618	GSE212160
GSM6511619	GSE212160
GSM6511620	GSE212160
GSM6511621	GSE212160
GSM6511622	GSE212160
GSM6511623	GSE212160
GSM6511624	GSE212160
GSM6511625	GSE212160
GSM6511626	GSE212160
GSM6511627	GSE212160
GSM6511628	GSE212160
GSM6511629	GSE212160
GSM6511630	GSE212160
GSM6511631	GSE212160
GSM6511632	GSE212160
GSM6511633	GSE212160
GSM6511634	GSE212160
GSM6511635	GSE212160
GSM6511636	GSE212160
GSM6511637	GSE212160
GSM6511638	GSE212160
GSM6511639	GSE212160
GSM6511640	GSE212160
GSM6511641	GSE212160
GSM6511642	GSE212160
GSM6511643	GSE212160
GSM6511644	GSE212160
GSM6511645	GSE212160
GSM6511646	GSE212160
GSM6511647	GSE212160
GSM6511648	GSE212160
GSM6511649	GSE212160
GSM6511650	GSE212160
GSM6511651	GSE212160
GSM6511652	GSE212160
GSM6511653	GSE212160
GSM6511654	GSE212160
GSM6511655	GSE212160
GSM6511656	GSE212160
GSM6511657	GSE212160
GSM6511658	GSE212160
GSM6511659	GSE212160
GSM6511660	GSE212160
GSM6511661	GSE212160
GSM6511662	GSE212160
GSM6511663	GSE212160
GSM6511664	GSE212160
GSM6511665	GSE212160
GSM6511666	GSE212160
GSM6511667	GSE212160
GSM6511668	GSE212160
GSM6511669	GSE212160
GSM6511670	GSE212160
GSM6511671	GSE212160
GSM6511672	GSE212160
GSM6511673	GSE212160
GSM6511674	GSE212160
GSM6511675	GSE212160
GSM6511676	GSE212160
GSM6511677	GSE212160
GSM6511678	GSE212160
GSM6511679	GSE212160
GSM6511680	GSE212160
GSM6511681	GSE212160
GSM6511682	GSE212160
GSM6511683	GSE212160
GSM6511684	GSE212160
GSM6511685	GSE212160
GSM6511686	GSE212160
GSM6511687	GSE212160
GSM6511688	GSE212160
GSM6511689	GSE212160
GSM6511690	GSE212160
GSM6511691	GSE212160
GSM6511692	GSE212160
GSM6511693	GSE212160
GSM6511694	GSE212160
GSM6511695	GSE212160
GSM6511696	GSE212160
GSM6511697	GSE212160
GSM6511698	GSE212160
GSM6511699	GSE212160
GSM6511700	GSE212160
GSM6511701	GSE212160
GSM6511702	GSE212160
GSM6511703	GSE212160
GSM6511704	GSE212160
GSM6511705	GSE212160
GSM6511706	GSE212160
GSM6511707	GSE212160
GSM6511708	GSE212160
GSM6511709	GSE212160
GSM6511710	GSE212160
GSM6511711	GSE212160
GSM6511712	GSE212160
GSM6511713	GSE212160
GSM6511714	GSE212160
GSM6511715	GSE212160
GSM6511716	GSE212160
GSM6511717	GSE212160
GSM6511718	GSE212160
GSM6511719	GSE212160
GSM6511720	GSE212160
GSM6511721	GSE212160
GSM6511722	GSE212160
GSM6511723	GSE212160
GSM6511724	GSE212160
GSM6511725	GSE212160
GSM6511726	GSE212160
GSM6511727	GSE212160
GSM6511728	GSE212160
GSM6511729	GSE212160
GSM6511730	GSE212160
GSM6511731	GSE212160
GSM6511732	GSE212160
GSM6511733	GSE212160
GSM6511734	GSE212160
GSM6511735	GSE212160
GSM6511736	GSE212160
GSM6511737	GSE212160
GSM6511738	GSE212160
GSM6511739	GSE212160
GSM6511740	GSE212160
GSM6511741	GSE212160
GSM6511742	GSE212160
GSM6511743	GSE212160
GSM6511744	GSE212160
GSM6511745	GSE212160
GSM6511746	GSE212160
GSM6511747	GSE212160
GSM6511748	GSE212160
GSM6511749	GSE212160
GSM6511750	GSE212160
GSM6511751	GSE212160
GSM6511752	GSE212160
GSM6511753	GSE212160
GSM6511754	GSE212160
GSM6511755	GSE212160
GSM6511756	GSE212160
GSM6511757	GSE212160
GSM6511758	GSE212160
GSM6511759	GSE212160
GSM6511760	GSE212160
GSM6511761	GSE212160
GSM6511762	GSE212160
GSM6511763	GSE212160
GSM6511764	GSE212160
GSM6511765	GSE212160
GSM6511766	GSE212160
GSM6511767	GSE212160
GSM6511768	GSE212160
GSM6511769	GSE212160
GSM6511770	GSE212160
GSM6511771	GSE212160
GSM6511772	GSE212160
GSM6511773	GSE212160
GSM6511774	GSE212160
GSM6511775	GSE212160
GSM6511776	GSE212160
GSM6511777	GSE212160
GSM6511778	GSE212160
GSM6511779	GSE212160
GSM6511780	GSE212160
GSM6511781	GSE212160
GSM6511782	GSE212160
GSM6511783	GSE212160
GSM6511784	GSE212160
GSM6511785	GSE212160
GSM6511786	GSE212160
GSM6511787	GSE212160
GSM6511788	GSE212160
GSM6511789	GSE212160
GSM6511790	GSE212160
GSM6511791	GSE212160
GSM6511792	GSE212160
GSM6511793	GSE212160
GSM6511794	GSE212160
GSM6511795	GSE212160
GSM6511796	GSE212160
GSM6511797	GSE212160
GSM6511798	GSE212160
GSM6511799	GSE212160
GSM6511800	GSE212160
GSM6511801	GSE212160
GSM6511802	GSE212160
GSM6511803	GSE212160
GSM6511804	GSE212160
GSM6511805	GSE212160
GSM6511806	GSE212160
GSM7807595	GSE244120
GSM7807596	GSE244120
GSM7807597	GSE244120
GSM7807598	GSE244120
GSM7807599	GSE244120
GSM7807600	GSE244120
GSM7807601	GSE244120
GSM7807602	GSE244120
GSM7807603	GSE244120
GSM7807604	GSE244120
GSM7807605	GSE244120
GSM7807606	GSE244120
GSM7807607	GSE244120
GSM7807608	GSE244120
GSM7807609	GSE244120
GSM7807610	GSE244120
GSM7807611	GSE244120
GSM7807612	GSE244120
GSM7807613	GSE244120
GSM7807614	GSE244120
GSM7807615	GSE244120
GSM7807616	GSE244120
GSM7807617	GSE244120
GSM7807618	GSE244120
GSM7807619	GSE244120
GSM7807620	GSE244120
GSM7807621	GSE244120
GSM7807622	GSE244120
GSM7807623	GSE244120
GSM7807624	GSE244120
GSM7807625	GSE244120
GSM7807626	GSE244120
GSM7807627	GSE244120
GSM7807628	GSE244120
GSM7807629	GSE244120
GSM7807630	GSE244120
GSM7807631	GSE244120
GSM7807632	GSE244120
GSM7807633	GSE244120
GSM7807634	GSE244120
GSM7807635	GSE244120
GSM7807636	GSE244120
GSM7807637	GSE244120
GSM7807638	GSE244120
GSM7807639	GSE244120
GSM7807640	GSE244120
GSM7807641	GSE244120
GSM7807642	GSE244120
GSM7807643	GSE244120
GSM7807644	GSE244120
GSM7973680	GSE250087
GSM7973681	GSE250087
GSM7973682	GSE250087
GSM5657474	GSE186606
GSM5657475	GSE186606
GSM5657476	GSE186606
GSM5657477	GSE186606
GSM5657478	GSE186606
GSM5657479	GSE186606
GSM5657480	GSE186606
GSM5657481	GSE186606
GSM5657482	GSE186606
GSM5657483	GSE186606
GSM5657484	GSE186606
GSM5657485	GSE186606
GSM5657486	GSE186606
GSM5657487	GSE186606
GSM5657488	GSE186606
GSM5657489	GSE186606
GSM5657490	GSE186606
GSM5657491	GSE186606
GSM5657492	GSE186606
GSM5657493	GSE186606
GSM5657494	GSE186606
GSM5768805	GSE192912
GSM5768806	GSE192912
GSM5768807	GSE192912
GSM5768808	GSE192912
GSM5768809	GSE192912
GSM5768810	GSE192912
GSM5768811	GSE192912
GSM5768812	GSE192912
GSM5768813	GSE192912
GSM5768814	GSE192912
GSM5768815	GSE192912
GSM5768816	GSE192912
GSM5768817	GSE192912
GSM5768818	GSE192912
GSM5768819	GSE192912
GSM5768820	GSE192912
GSM5768821	GSE192912
GSM5768822	GSE192912
GSM5768823	GSE192912
GSM5573728	GSE183913
GSM5573729	GSE183913
GSM5573730	GSE183913
GSM5573731	GSE183913
GSM5573732	GSE183913
GSM5573733	GSE183913
GSM7992634	GSE252036
GSM7992635	GSE252036
GSM7992636	GSE252036
GSM7992637	GSE252036
GSM7992638	GSE252036
GSM7992639	GSE252036
GSM7992640	GSE252036
GSM7992641	GSE252036
GSM7992642	GSE252036
GSM7992643	GSE252036
GSM7992644	GSE252036
GSM7992645	GSE252036
GSM5595916	GSE184696
GSM5595917	GSE184696
GSM5595918	GSE184696
GSM5595919	GSE184696
GSM8254338	GSE266752
GSM8254339	GSE266752
GSM8254340	GSE266752
GSM8254341	GSE266752
GSM8254342	GSE266752
GSM6729997	GSE217922
GSM6042600	GSE200713
GSM6042601	GSE200713
GSM6042602	GSE200713
GSM6042603	GSE200713
GSM6042604	GSE200713
GSM6042605	GSE200713
GSM6042606	GSE200713
GSM6042607	GSE200713
GSM6042608	GSE200713
GSM6042609	GSE200713
GSM6042610	GSE200713
GSM6042611	GSE200713
GSM6042612	GSE200713
GSM6042613	GSE200713
GSM6042614	GSE200713
GSM6042615	GSE200713
GSM6042616	GSE200713
GSM6042617	GSE200713
GSM6042618	GSE200713
GSM6042619	GSE200713
GSM6042620	GSE200713
GSM6042621	GSE200713
GSM6042622	GSE200713
GSM6042623	GSE200713
GSM6042624	GSE200713
GSM6042625	GSE200713
GSM6042626	GSE200713
GSM6042627	GSE200713
GSM6042628	GSE200713
GSM6042629	GSE200713
GSM6042630	GSE200713
GSM6042631	GSE200713
GSM6042632	GSE200713
GSM6042633	GSE200713
GSM6042634	GSE200713
GSM6042635	GSE200713
GSM6042636	GSE200713
GSM6042637	GSE200713
GSM6042638	GSE200713
GSM6042639	GSE200713
GSM6042640	GSE200713
GSM6042641	GSE200713
GSM6042642	GSE200713
GSM6042643	GSE200713
GSM6042644	GSE200713
GSM6042645	GSE200713
GSM6042646	GSE200713
GSM6042647	GSE200713
GSM6042648	GSE200713
GSM6042649	GSE200713
GSM6042650	GSE200713
GSM6042651	GSE200713
GSM6042652	GSE200713
GSM6042653	GSE200713
GSM6042654	GSE200713
GSM6042655	GSE200713
GSM6042656	GSE200713
GSM6042657	GSE200713
GSM6042658	GSE200713
GSM6042659	GSE200713
GSM6042660	GSE200713
GSM6042661	GSE200713
GSM6042662	GSE200713
GSM6042663	GSE200713
GSM6042664	GSE200713
GSM6042665	GSE200713
GSM6042666	GSE200713
GSM6042667	GSE200713
GSM6042668	GSE200713
GSM6042669	GSE200713
GSM6042670	GSE200713
GSM6042671	GSE200713
GSM6042672	GSE200713
GSM6042673	GSE200713
GSM6042674	GSE200713
GSM6042675	GSE200713
GSM6042676	GSE200713
GSM6042677	GSE200713
GSM6042678	GSE200713
GSM6042679	GSE200713
GSM6042680	GSE200713
GSM6042681	GSE200713
GSM6067251	GSE200713
GSM6067252	GSE200713
GSM6067253	GSE200713
GSM6067254	GSE200713
GSM6067255	GSE200713
GSM6067256	GSE200713
GSM6067257	GSE200713
GSM6067258	GSE200713
GSM6067259	GSE200713
GSM6067260	GSE200713
GSM6067261	GSE200713
GSM6067262	GSE200713
GSM6067263	GSE200713
GSM6067264	GSE200713
GSM6067265	GSE200713
GSM6067266	GSE200713
GSM6067267	GSE200713
GSM6067268	GSE200713
GSM6067285	GSE200713
GSM6067286	GSE200713
GSM6067287	GSE200713
GSM6067288	GSE200713
GSM6067289	GSE200713
GSM6067290	GSE200713
GSM6067291	GSE200713
GSM6067292	GSE200713
GSM6067293	GSE200713
GSM6067294	GSE200713
GSM6067295	GSE200713
GSM6067296	GSE200713
GSM6067297	GSE200713
GSM6067298	GSE200713
GSM6067299	GSE200713
GSM6067300	GSE200713
GSM6067301	GSE200713
GSM6067302	GSE200713
GSM6067303	GSE200713
GSM6067304	GSE200713
GSM6067305	GSE200713
GSM6067306	GSE200713
GSM6067307	GSE200713
GSM6067308	GSE200713
GSM6067309	GSE200713
GSM6067310	GSE200713
GSM6067311	GSE200713
GSM6067312	GSE200713
GSM6067313	GSE200713
GSM6067314	GSE200713
GSM6067315	GSE200713
GSM6067316	GSE200713
GSM6067317	GSE200713
GSM6067318	GSE200713
GSM6067319	GSE200713
GSM6067320	GSE200713
GSM7837055	GSE245120
GSM7837056	GSE245120
GSM7837057	GSE245120
GSM7837058	GSE245120
GSM7837059	GSE245120
GSM7837060	GSE245120
GSM7837061	GSE245120
GSM7837062	GSE245120
GSM7837063	GSE245120
GSM7837064	GSE245120
GSM7837065	GSE245120
GSM7837066	GSE245120
GSM7837067	GSE245120
GSM7837068	GSE245120
GSM7837069	GSE245120
GSM7837070	GSE245120
GSM4775294	GSE157807
GSM4775295	GSE157807
GSM4775296	GSE157807
GSM4775297	GSE157807
GSM4775298	GSE157807
GSM4775299	GSE157807
GSM4775300	GSE157807
GSM4775301	GSE157807
GSM4775302	GSE157807
GSM4775303	GSE157807
GSM7416111	GSE233242
GSM7416112	GSE233242
GSM7416113	GSE233242
GSM7416114	GSE233242
GSM7416115	GSE233242
GSM7416116	GSE233242
GSM7416117	GSE233242
GSM7416118	GSE233242
GSM7416119	GSE233242
GSM7416121	GSE233242
GSM7416122	GSE233242
GSM7416123	GSE233242
GSM7416124	GSE233242
GSM7416125	GSE233242
GSM7416126	GSE233242
GSM7416127	GSE233242
GSM7416128	GSE233242
GSM7416129	GSE233242
GSM7416130	GSE233242
GSM7416131	GSE233242
GSM7416133	GSE233242
GSM7416134	GSE233242
GSM7416135	GSE233242
GSM7416136	GSE233242
GSM7416137	GSE233242
GSM7416138	GSE233242
GSM7416139	GSE233242
GSM7416140	GSE233242
GSM7416141	GSE233242
GSM7416142	GSE233242
GSM7416144	GSE233242
GSM7416145	GSE233242
GSM7416146	GSE233242
GSM7416147	GSE233242
GSM7416148	GSE233242
GSM7416149	GSE233242
GSM7416150	GSE233242
GSM7416151	GSE233242
GSM7416152	GSE233242
GSM7416153	GSE233242
GSM7416154	GSE233242
GSM7416156	GSE233242
GSM7416157	GSE233242
GSM7416158	GSE233242
GSM7416159	GSE233242
GSM7416160	GSE233242
GSM7416161	GSE233242
GSM7416162	GSE233242
GSM7416163	GSE233242
GSM7416164	GSE233242
GSM7416165	GSE233242
GSM7416166	GSE233242
GSM7416167	GSE233242
GSM7416168	GSE233242
GSM7416169	GSE233242
GSM7416171	GSE233242
GSM7416172	GSE233242
GSM7416173	GSE233242
GSM7416174	GSE233242
GSM7416175	GSE233242
GSM7416176	GSE233242
GSM7416177	GSE233242
GSM7416178	GSE233242
GSM7416179	GSE233242
GSM7416181	GSE233242
GSM7416182	GSE233242
GSM7416183	GSE233242
GSM7416184	GSE233242
GSM7416185	GSE233242
GSM7416186	GSE233242
GSM7416187	GSE233242
GSM7416188	GSE233242
GSM7416189	GSE233242
GSM7416191	GSE233242
GSM7416192	GSE233242
GSM7416193	GSE233242
GSM7416195	GSE233242
GSM7416196	GSE233242
GSM7416197	GSE233242
GSM7416198	GSE233242
GSM7416200	GSE233242
GSM7416201	GSE233242
GSM7416202	GSE233242
GSM7416203	GSE233242
GSM7416204	GSE233242
GSM7416205	GSE233242
GSM5657935	GSE186628
GSM5657936	GSE186628
GSM5657937	GSE186628
GSM5657938	GSE186628
GSM5657939	GSE186628
GSM5657940	GSE186628
GSM5657941	GSE186628
GSM5657942	GSE186628
GSM5657943	GSE186628
GSM5657944	GSE186628
GSM5657945	GSE186628
GSM5657946	GSE186628
GSM5657947	GSE186628
GSM5657948	GSE186628
GSM5657949	GSE186628
GSM5657950	GSE186628
GSM5657951	GSE186628
GSM5657952	GSE186628
GSM5657953	GSE186628
GSM5657954	GSE186628
GSM5657955	GSE186628
GSM5657956	GSE186628
GSM5657957	GSE186628
GSM5657958	GSE186628
GSM5657959	GSE186628
GSM5657960	GSE186628
GSM5657961	GSE186628
GSM5657962	GSE186628
GSM5657963	GSE186628
GSM5657964	GSE186628
GSM5657965	GSE186628
GSM5657966	GSE186628
GSM5657967	GSE186628
GSM5657989	GSE186628
GSM5657990	GSE186628
GSM5657991	GSE186628
GSM5657992	GSE186628
GSM5657993	GSE186628
GSM5657994	GSE186628
GSM5657995	GSE186628
GSM5657996	GSE186628
GSM5657997	GSE186628
GSM5657998	GSE186628
GSM5657999	GSE186628
GSM5658000	GSE186628
GSM5658001	GSE186628
GSM5658002	GSE186628
GSM5658003	GSE186628
GSM5658004	GSE186628
GSM5658005	GSE186628
GSM5658006	GSE186628
GSM5658830	GSE186628
GSM5658831	GSE186628
GSM5658832	GSE186628
GSM5658833	GSE186628
GSM5658834	GSE186628
GSM5658835	GSE186628
GSM5658836	GSE186628
GSM5658837	GSE186628
GSM5658838	GSE186628
GSM5658839	GSE186628
GSM5658840	GSE186628
GSM5658841	GSE186628
GSM5658842	GSE186628
GSM5658843	GSE186628
GSM5658844	GSE186628
GSM5658845	GSE186628
GSM5658846	GSE186628
GSM5658847	GSE186628
GSM5658848	GSE186628
GSM5658849	GSE186628
GSM5658850	GSE186628
GSM5658851	GSE186628
GSM5658852	GSE186628
GSM5658853	GSE186628
GSM5658854	GSE186628
GSM5658855	GSE186628
GSM5658856	GSE186628
GSM5658857	GSE186628
GSM5658858	GSE186628
GSM5658859	GSE186628
GSM5658860	GSE186628
GSM5658861	GSE186628
GSM5658862	GSE186628
GSM5658863	GSE186628
GSM5658864	GSE186628
GSM5658865	GSE186628
GSM5664216	GSE186628
GSM5664217	GSE186628
GSM5664218	GSE186628
GSM5664219	GSE186628
GSM5664220	GSE186628
GSM5664221	GSE186628
GSM5664222	GSE186628
GSM6211041	GSE186628
GSM6211042	GSE186628
GSM6211043	GSE186628
GSM6211044	GSE186628
GSM6211045	GSE186628
GSM6211046	GSE186628
GSM6211047	GSE186628
GSM6211048	GSE186628
GSM6211049	GSE186628
GSM6211050	GSE186628
GSM6211051	GSE186628
GSM6211052	GSE186628
GSM6211053	GSE186628
GSM6211054	GSE186628
GSM6211055	GSE186628
GSM6211056	GSE186628
GSM6211057	GSE186628
GSM6211058	GSE186628
GSM6211059	GSE186628
GSM6211060	GSE186628
GSM6211061	GSE186628
GSM6211062	GSE186628
GSM6215565	GSE186628
GSM6215566	GSE186628
GSM6215567	GSE186628
GSM6215568	GSE186628
GSM6215569	GSE186628
GSM6215570	GSE186628
GSM6215571	GSE186628
GSM6215572	GSE186628
GSM6215573	GSE186628
GSM6215574	GSE186628
GSM6215575	GSE186628
GSM6215576	GSE186628
GSM6215577	GSE186628
GSM6215578	GSE186628
GSM6215579	GSE186628
GSM6215580	GSE186628
GSM6215581	GSE186628
GSM6215582	GSE186628
GSM6215583	GSE186628
GSM6215584	GSE186628
GSM6215585	GSE186628
GSM6215586	GSE186628
GSM6215587	GSE186628
GSM6215588	GSE186628
GSM6215589	GSE186628
GSM6215590	GSE186628
GSM6215591	GSE186628
GSM6215592	GSE186628
GSM6215593	GSE186628
GSM6215594	GSE186628
GSM6215595	GSE186628
GSM6215596	GSE186628
GSM6215597	GSE186628
GSM6215598	GSE186628
GSM6215599	GSE186628
GSM6215600	GSE186628
GSM6215601	GSE186628
GSM6215602	GSE186628
GSM6215603	GSE186628
GSM6215604	GSE186628
GSM6215605	GSE186628
GSM6215606	GSE186628
GSM6215607	GSE186628
GSM6215608	GSE186628
GSM6215609	GSE186628
GSM6215610	GSE186628
GSM6513123	GSE212191
GSM6513124	GSE212191
GSM6513125	GSE212191
GSM6513126	GSE212191
GSM6513127	GSE212191
GSM6513128	GSE212191
GSM6513129	GSE212191
GSM6513130	GSE212191
GSM6513131	GSE212191
GSM6513132	GSE212191
GSM6513133	GSE212191
GSM6513134	GSE212191
GSM6513135	GSE212191
GSM6513136	GSE212191
GSM6513137	GSE212191
GSM6513138	GSE212191
GSM6513139	GSE212191
GSM6513140	GSE212191
GSM6513141	GSE212191
GSM6513142	GSE212191
GSM6513143	GSE212191
GSM6513144	GSE212191
GSM6513145	GSE212191
GSM6513146	GSE212191
GSM6513147	GSE212191
GSM6513148	GSE212191
GSM6513149	GSE212191
GSM6513150	GSE212191
GSM6513151	GSE212191
GSM6513152	GSE212191
GSM6513153	GSE212191
GSM6513154	GSE212191
GSM6513155	GSE212191
GSM6513156	GSE212191
GSM6513157	GSE212191
GSM6513158	GSE212191
GSM6513159	GSE212191
GSM6513160	GSE212191
GSM6513161	GSE212191
GSM6513162	GSE212191
GSM6513163	GSE212191
GSM6513164	GSE212191
GSM6513165	GSE212191
GSM6513166	GSE212191
GSM6513167	GSE212191
GSM6513168	GSE212191
GSM6513169	GSE212191
GSM6513170	GSE212191
GSM6513171	GSE212191
GSM6513172	GSE212191
GSM6513173	GSE212191
GSM6513174	GSE212191
GSM6513175	GSE212191
GSM6513176	GSE212191
GSM6513177	GSE212191
GSM6513178	GSE212191
GSM6513179	GSE212191
GSM6513180	GSE212191
GSM6513181	GSE212191
GSM6513182	GSE212191
GSM6513183	GSE212191
GSM6513184	GSE212191
GSM6513185	GSE212191
GSM6513186	GSE212191
GSM6513187	GSE212191
GSM6513188	GSE212191
GSM6513189	GSE212191
GSM6513190	GSE212191
GSM6513191	GSE212191
GSM6513192	GSE212191
GSM6513193	GSE212191
GSM6513194	GSE212191
GSM6513195	GSE212191
GSM6513196	GSE212191
GSM6513197	GSE212191
GSM6513198	GSE212191
GSM6513199	GSE212191
GSM6513200	GSE212191
GSM6513201	GSE212191
GSM6513202	GSE212191
GSM6513203	GSE212191
GSM6513204	GSE212191
GSM6513205	GSE212191
GSM6513206	GSE212191
GSM6513207	GSE212191
GSM6513208	GSE212191
GSM6513209	GSE212191
GSM6513210	GSE212191
GSM6513211	GSE212191
GSM6513212	GSE212191
GSM6513213	GSE212191
GSM6513214	GSE212191
GSM6513215	GSE212191
GSM6513216	GSE212191
GSM6513217	GSE212191
GSM6513218	GSE212191
GSM6513219	GSE212191
GSM6513220	GSE212191
GSM6513221	GSE212191
GSM6513222	GSE212191
GSM6513223	GSE212191
GSM6513224	GSE212191
GSM6513225	GSE212191
GSM6513226	GSE212191
GSM6513227	GSE212191
GSM6513228	GSE212191
GSM6513229	GSE212191
GSM6513230	GSE212191
GSM6513231	GSE212191
GSM6513232	GSE212191
GSM6513233	GSE212191
GSM6513234	GSE212191
GSM6513235	GSE212191
GSM6513236	GSE212191
GSM6513237	GSE212191
GSM6513238	GSE212191
GSM6513239	GSE212191
GSM6513240	GSE212191
GSM6513241	GSE212191
GSM6513242	GSE212191
GSM6513243	GSE212191
GSM6513244	GSE212191
GSM6513245	GSE212191
GSM6513246	GSE212191
GSM6513247	GSE212191
GSM6513248	GSE212191
GSM6513249	GSE212191
GSM6513250	GSE212191
GSM6513251	GSE212191
GSM6513252	GSE212191
GSM6513253	GSE212191
GSM6513254	GSE212191
GSM6513255	GSE212191
GSM6513256	GSE212191
GSM6513257	GSE212191
GSM6513258	GSE212191
GSM6513259	GSE212191
GSM6513260	GSE212191
GSM6513261	GSE212191
GSM6513262	GSE212191
GSM6513263	GSE212191
GSM6513264	GSE212191
GSM6513265	GSE212191
GSM6513266	GSE212191
GSM6513267	GSE212191
GSM6513268	GSE212191
GSM6513269	GSE212191
GSM6513270	GSE212191
GSM6513271	GSE212191
GSM6513272	GSE212191
GSM6513273	GSE212191
GSM6513274	GSE212191
GSM6513275	GSE212191
GSM6513276	GSE212191
GSM6513277	GSE212191
GSM6513278	GSE212191
GSM6513279	GSE212191
GSM6513280	GSE212191
GSM6513281	GSE212191
GSM6513282	GSE212191
GSM6513283	GSE212191
GSM6513284	GSE212191
GSM6513285	GSE212191
GSM6513286	GSE212191
GSM6513287	GSE212191
GSM6513288	GSE212191
GSM6513289	GSE212191
GSM6513290	GSE212191
GSM6513291	GSE212191
GSM6513292	GSE212191
GSM6513293	GSE212191
GSM6513294	GSE212191
GSM6513295	GSE212191
GSM6513296	GSE212191
GSM6513297	GSE212191
GSM6513298	GSE212191
GSM6513299	GSE212191
GSM6513300	GSE212191
GSM6513301	GSE212191
GSM6513302	GSE212191
GSM6513303	GSE212191
GSM6513304	GSE212191
GSM6513305	GSE212191
GSM6513306	GSE212191
GSM6513307	GSE212191
GSM6513308	GSE212191
GSM6513309	GSE212191
GSM6513310	GSE212191
GSM6513311	GSE212191
GSM6513312	GSE212191
GSM6513313	GSE212191
GSM6513314	GSE212191
GSM6513315	GSE212191
GSM6513316	GSE212191
GSM6513317	GSE212191
GSM6513318	GSE212191
GSM6513319	GSE212191
GSM6513320	GSE212191
GSM6513321	GSE212191
GSM6513322	GSE212191
GSM6513323	GSE212191
GSM6513324	GSE212191
GSM6513325	GSE212191
GSM6513326	GSE212191
GSM6513327	GSE212191
GSM6513328	GSE212191
GSM6513329	GSE212191
GSM6513330	GSE212191
GSM6513331	GSE212191
GSM6513332	GSE212191
GSM6513333	GSE212191
GSM6513334	GSE212191
GSM6513335	GSE212191
GSM6513336	GSE212191
GSM6513337	GSE212191
GSM6513338	GSE212191
GSM6513339	GSE212191
GSM6513340	GSE212191
GSM6513341	GSE212191
GSM6513342	GSE212191
GSM6513343	GSE212191
GSM6513344	GSE212191
GSM6513345	GSE212191
GSM6513346	GSE212191
GSM6513347	GSE212191
GSM6513348	GSE212191
GSM6513349	GSE212191
GSM6513350	GSE212191
GSM6513351	GSE212191
GSM6513352	GSE212191
GSM6513353	GSE212191
GSM6513354	GSE212191
GSM6513355	GSE212191
GSM6513356	GSE212191
GSM6513357	GSE212191
GSM6513358	GSE212191
GSM6513359	GSE212191
GSM6513360	GSE212191
GSM6513361	GSE212191
GSM6513362	GSE212191
GSM6513363	GSE212191
GSM6513364	GSE212191
GSM6513365	GSE212191
GSM6513366	GSE212191
GSM6513367	GSE212191
GSM6513368	GSE212191
GSM6513369	GSE212191
GSM6513370	GSE212191
GSM6513371	GSE212191
GSM6513372	GSE212191
GSM6513373	GSE212191
GSM6513374	GSE212191
GSM6513375	GSE212191
GSM6513376	GSE212191
GSM6513377	GSE212191
GSM6513378	GSE212191
GSM6513379	GSE212191
GSM6513380	GSE212191
GSM6513381	GSE212191
GSM6513382	GSE212191
GSM6513383	GSE212191
GSM6513384	GSE212191
GSM6513385	GSE212191
GSM6513386	GSE212191
GSM6513387	GSE212191
GSM6513388	GSE212191
GSM6235128	GSE205899
GSM6235129	GSE205899
GSM6235130	GSE205899
GSM6235131	GSE205899
GSM6235132	GSE205899
GSM6235133	GSE205899
GSM6235134	GSE205899
GSM6235135	GSE205899
GSM6235136	GSE205899
GSM7778668	GSE243073
GSM7778669	GSE243073
GSM7778670	GSE243073
GSM7778671	GSE243073
GSM7778672	GSE243073
GSM7778673	GSE243073
GSM7778674	GSE243073
GSM6783603	GSE220006
GSM6783604	GSE220006
GSM6783605	GSE220006
GSM6783606	GSE220006
GSM6783607	GSE220006
GSM7498545	GSE235309
GSM7498546	GSE235309
GSM7498547	GSE235309
GSM7498548	GSE235309
GSM7498549	GSE235309
GSM7498550	GSE235309
GSM7498551	GSE235309
GSM7498552	GSE235309
GSM7498553	GSE235309
GSM7498554	GSE235309
GSM7498555	GSE235309
GSM7498556	GSE235309
GSM7498557	GSE235309
GSM7498558	GSE235309
GSM7498559	GSE235309
GSM7498560	GSE235309
GSM7498561	GSE235309
GSM7498562	GSE235309
GSM7498571	GSE235309
GSM7498572	GSE235309
GSM7498573	GSE235309
GSM7498574	GSE235309
GSM7498575	GSE235309
GSM7498576	GSE235309
GSM7475232	GSE234821
GSM7475233	GSE234821
GSM7475234	GSE234821
GSM7475235	GSE234821
GSM7475236	GSE234821
GSM7475237	GSE234821
GSM7475238	GSE234821
GSM7475239	GSE234821
GSM7475240	GSE234821
GSM7475241	GSE234821
GSM7475242	GSE234821
GSM7475243	GSE234821
GSM6724038	GSE217658
GSM6724039	GSE217658
GSM6724040	GSE217658
GSM6724041	GSE217658
GSM6724042	GSE217658
GSM6724043	GSE217658
GSM7688226	GSE240213
GSM7688227	GSE240213
GSM7688228	GSE240213
GSM7688229	GSE240213
GSM6560183	GSE212873
GSM6560184	GSE212873
GSM6560185	GSE212873
GSM6560186	GSE212873
GSM6560187	GSE212873
GSM6560188	GSE212873
GSM6560189	GSE212873
GSM6560190	GSE212873
GSM6560191	GSE212873
GSM6560192	GSE212873
GSM6560193	GSE212873
GSM6560194	GSE212873
GSM6560195	GSE212873
GSM6560196	GSE212873
GSM6560197	GSE212873
GSM6560198	GSE212873
GSM6997739	GSE223844
GSM6997740	GSE223844
GSM6997742	GSE223844
GSM6997743	GSE223844
GSM6997745	GSE223844
GSM6997747	GSE223844
GSM6997749	GSE223844
GSM6997751	GSE223844
GSM6997753	GSE223844
GSM6997755	GSE223844
GSM6997757	GSE223844
GSM6997759	GSE223844
GSM6997761	GSE223844
GSM6997763	GSE223844
GSM6997765	GSE223844
GSM6997766	GSE223844
GSM6997767	GSE223844
GSM6997768	GSE223844
GSM6997769	GSE223844
GSM6997770	GSE223844
GSM6997771	GSE223844
GSM6997772	GSE223844
GSM6997773	GSE223844
GSM6997774	GSE223844
GSM6997775	GSE223844
GSM6997776	GSE223844
GSM6997777	GSE223844
GSM6997778	GSE223844
GSM6997779	GSE223844
GSM6997780	GSE223844
GSM6997781	GSE223844
GSM6997782	GSE223844
GSM6997783	GSE223844
GSM6997784	GSE223844
GSM6997785	GSE223844
GSM6997786	GSE223844
GSM6997787	GSE223844
GSM6997788	GSE223844
GSM6997789	GSE223844
GSM6997790	GSE223844
GSM6997791	GSE223844
GSM6997792	GSE223844
GSM6997793	GSE223844
GSM6997794	GSE223844
GSM6997795	GSE223844
GSM6997796	GSE223844
GSM6997797	GSE223844
GSM6997798	GSE223844
GSM6997799	GSE223844
GSM6997800	GSE223844
GSM6997801	GSE223844
GSM6997802	GSE223844
GSM6997803	GSE223844
GSM6997804	GSE223844
GSM6997805	GSE223844
GSM6997806	GSE223844
GSM6997807	GSE223844
GSM6997808	GSE223844
GSM6997809	GSE223844
GSM6997810	GSE223844
GSM6997811	GSE223844
GSM6997812	GSE223844
GSM6997813	GSE223844
GSM6997814	GSE223844
GSM6997815	GSE223844
GSM6997816	GSE223844
GSM6997817	GSE223844
GSM6997818	GSE223844
GSM6997819	GSE223844
GSM6997820	GSE223844
GSM6997821	GSE223844
GSM6997822	GSE223844
GSM6997823	GSE223844
GSM6997824	GSE223844
GSM6997825	GSE223844
GSM6997826	GSE223844
GSM6997827	GSE223844
GSM6997828	GSE223844
GSM6997829	GSE223844
GSM6997830	GSE223844
GSM6997831	GSE223844
GSM6997832	GSE223844
GSM6997833	GSE223844
GSM6997834	GSE223844
GSM6997835	GSE223844
GSM6997836	GSE223844
GSM6997837	GSE223844
GSM6997838	GSE223844
GSM6997839	GSE223844
GSM6997840	GSE223844
GSM6997841	GSE223844
GSM6997842	GSE223844
GSM6997843	GSE223844
GSM6997844	GSE223844
GSM6997845	GSE223844
GSM6997846	GSE223844
GSM6997847	GSE223844
GSM6997848	GSE223844
GSM6997849	GSE223844
GSM6997850	GSE223844
GSM6997851	GSE223844
GSM6997852	GSE223844
GSM6997853	GSE223844
GSM6997854	GSE223844
GSM6997855	GSE223844
GSM6997856	GSE223844
GSM6997857	GSE223844
GSM6997858	GSE223844
GSM6997859	GSE223844
GSM6997860	GSE223844
GSM6997861	GSE223844
GSM6997862	GSE223844
GSM6997863	GSE223844
GSM6997864	GSE223844
GSM6997865	GSE223844
GSM6997866	GSE223844
GSM6997867	GSE223844
GSM6997868	GSE223844
GSM6997869	GSE223844
GSM6997870	GSE223844
GSM6997871	GSE223844
GSM6997872	GSE223844
GSM6997873	GSE223844
GSM6997874	GSE223844
GSM6997875	GSE223844
GSM7818883	GSE244543
GSM7818884	GSE244543
GSM7818885	GSE244543
GSM7818886	GSE244543
GSM7818887	GSE244543
GSM7818888	GSE244543
GSM7818889	GSE244543
GSM7818890	GSE244543
GSM7818891	GSE244543
GSM7818892	GSE244543
GSM7818893	GSE244543
GSM7818894	GSE244543
GSM7818895	GSE244543
GSM7818896	GSE244543
GSM7818897	GSE244543
GSM7818898	GSE244543
GSM7818899	GSE244543
GSM7818900	GSE244543
GSM7818901	GSE244543
GSM7818902	GSE244543
GSM7818915	GSE244543
GSM7818916	GSE244543
GSM7818917	GSE244543
GSM7818918	GSE244543
GSM7818919	GSE244543
GSM7818920	GSE244543
GSM6783063	GSE219700
GSM4502820	GSE149474
GSM4502821	GSE149474
GSM4502822	GSE149474
GSM4502823	GSE149474
GSM6645431	GSE215909
GSM6645432	GSE215909
GSM6645433	GSE215909
GSM6645434	GSE215909
GSM6645435	GSE215909
GSM7054238	GSE225687
GSM7054239	GSE225687
GSM7054240	GSE225687
GSM7054241	GSE225687
GSM7054242	GSE225687
GSM7054243	GSE225687
GSM7054244	GSE225687
GSM7054245	GSE225687
GSM7054246	GSE225687
GSM7054247	GSE225687
GSM7054248	GSE225687
GSM7054249	GSE225687
GSM7054250	GSE225687
GSM7054251	GSE225687
GSM7054252	GSE225687
GSM7054253	GSE225687
GSM7054254	GSE225687
GSM7054255	GSE225687
GSM7054256	GSE225687
GSM7054257	GSE225687
GSM7054258	GSE225687
GSM7054259	GSE225687
GSM7054260	GSE225687
GSM7054261	GSE225687
GSM8215175	GSE264263
GSM8215176	GSE264263
GSM8215177	GSE264263
GSM8215178	GSE264263
GSM8215179	GSE264263
GSM8215180	GSE264263
GSM7011767	GSE224094
GSM7011768	GSE224094
GSM7011769	GSE224094
GSM7011770	GSE224094
GSM7011771	GSE224094
GSM7011772	GSE224094
GSM7011773	GSE224094
GSM7011774	GSE224094
GSM7011775	GSE224094
GSM7011776	GSE224094
GSM7011777	GSE224094
GSM7011778	GSE224094
GSM7011779	GSE224094
GSM7011780	GSE224094
GSM6935801	GSE222962
GSM6935802	GSE222962
GSM6935803	GSE222962
GSM6935804	GSE222962
GSM6935805	GSE222962
GSM6935806	GSE222962
GSM6935807	GSE222962
GSM6935808	GSE222962
GSM6935809	GSE222962
GSM6935810	GSE222962
GSM6935811	GSE222962
GSM6935812	GSE222962
GSM6935813	GSE222962
GSM6935814	GSE222962
GSM6935815	GSE222962
GSM6935816	GSE222962
GSM6935817	GSE222962
GSM6935818	GSE222962
GSM6935819	GSE222962
GSM6935820	GSE222962
GSM6935821	GSE222962
GSM6935822	GSE222962
GSM6935823	GSE222962
GSM6935824	GSE222962
GSM4869052	GSE160205
GSM4869053	GSE160205
GSM4869054	GSE160205
GSM4869055	GSE160205
GSM4869056	GSE160205
GSM4869057	GSE160205
GSM4869058	GSE160205
GSM4869059	GSE160205
GSM4869060	GSE160205
GSM4869061	GSE160205
GSM4869062	GSE160205
GSM4869063	GSE160205
GSM7707191	GSE240662
GSM7707192	GSE240662
GSM7707193	GSE240662
GSM7707194	GSE240662
GSM7707195	GSE240662
GSM7707196	GSE240662
GSM7707197	GSE240662
GSM7707198	GSE240662
GSM7707199	GSE240662
GSM7707200	GSE240662
GSM7707201	GSE240662
GSM7707202	GSE240662
GSM7707203	GSE240662
GSM7707204	GSE240662
GSM5955758	GSE198722
GSM5955759	GSE198722
GSM5955760	GSE198722
GSM5955761	GSE198722
GSM5955762	GSE198722
GSM5955763	GSE198722
GSM5955764	GSE198722
GSM5955765	GSE198722
GSM5955766	GSE198722
GSM5955767	GSE198722
GSM5955768	GSE198722
GSM5955769	GSE198722
GSM5955770	GSE198722
GSM5955771	GSE198722
GSM5955772	GSE198722
GSM5955773	GSE198722
GSM5955774	GSE198722
GSM5955775	GSE198722
GSM6782962	GSE219642
GSM6782963	GSE219642
GSM7426682	GSE233385
GSM7426683	GSE233385
GSM7426684	GSE233385
GSM7426685	GSE233385
GSM7426686	GSE233385
GSM7426687	GSE233385
GSM7426688	GSE233385
GSM7426689	GSE233385
GSM7426690	GSE233385
GSM7426691	GSE233385
GSM7426692	GSE233385
GSM7426693	GSE233385
GSM7426694	GSE233385
GSM7426695	GSE233385
GSM7426696	GSE233385
GSM7426697	GSE233385
GSM5340834	GSE175524
GSM5340835	GSE175524
GSM5340836	GSE175524
GSM5340837	GSE175524
GSM5340838	GSE175524
GSM5340839	GSE175524
GSM5340840	GSE175524
GSM5340841	GSE175524
GSM5340842	GSE175524
GSM5340843	GSE175524
GSM5340844	GSE175524
GSM5340845	GSE175524
GSM5340846	GSE175524
GSM5340847	GSE175524
GSM5340848	GSE175524
GSM5340849	GSE175524
GSM5340850	GSE175524
GSM5340851	GSE175524
GSM5340852	GSE175524
GSM5340853	GSE175524
GSM5340854	GSE175524
GSM5340855	GSE175524
GSM5340856	GSE175524
GSM5340857	GSE175524
GSM1754995	GSE70450
GSM1754996	GSE70450
GSM1754997	GSE70450
GSM1754998	GSE70450
GSM1754999	GSE70450
GSM1755000	GSE70450
GSM1755001	GSE70450
GSM1755002	GSE70450
GSM1755003	GSE70450
GSM1755004	GSE70450
GSM1755005	GSE70450
GSM1755006	GSE70450
GSM1755007	GSE70450
GSM1755008	GSE70450
GSM1755009	GSE70450
GSM1755010	GSE70450
GSM1755011	GSE70450
GSM1755012	GSE70450
GSM1755013	GSE70450
GSM1755014	GSE70450
GSM6311046	GSE207722
GSM6311047	GSE207722
GSM6311048	GSE207722
GSM6311049	GSE207722
GSM6311050	GSE207722
GSM6311051	GSE207722
GSM6311052	GSE207722
GSM6311053	GSE207722
GSM6311054	GSE207722
GSM6311055	GSE207722
GSM6311056	GSE207722
GSM6311057	GSE207722
GSM5752933	GSE192594
GSM5752934	GSE192594
GSM5752935	GSE192594
GSM5752936	GSE192594
GSM5752937	GSE192594
GSM5752938	GSE192594
GSM5752939	GSE192594
GSM5752940	GSE192594
GSM5752941	GSE192594
GSM5752942	GSE192594
GSM5752943	GSE192594
GSM5752944	GSE192594
GSM5752945	GSE192594
GSM5752946	GSE192594
GSM5752947	GSE192594
GSM5752948	GSE192594
GSM5752949	GSE192594
GSM5752950	GSE192594
GSM5752951	GSE192594
GSM5752952	GSE192594
GSM5752953	GSE192594
GSM5752954	GSE192594
GSM5752955	GSE192594
GSM5752956	GSE192594
GSM5752957	GSE192594
GSM5752958	GSE192594
GSM5752959	GSE192594
GSM6108635	GSE202336
GSM6108636	GSE202336
GSM6108637	GSE202336
GSM6108638	GSE202336
GSM6108639	GSE202336
GSM6108640	GSE202336
GSM7062715	GSE226076
GSM7062716	GSE226076
GSM7062717	GSE226076
GSM7062718	GSE226076
GSM7062719	GSE226076
GSM7062720	GSE226076
GSM7062721	GSE226076
GSM7062722	GSE226076
GSM7062723	GSE226076
GSM7062724	GSE226076
GSM7062725	GSE226076
GSM7062726	GSE226076
GSM7062727	GSE226076
GSM7062728	GSE226076
GSM7062729	GSE226076
GSM7062730	GSE226076
GSM7062731	GSE226076
GSM7062732	GSE226076
GSM7062733	GSE226076
GSM7062734	GSE226076
GSM7062735	GSE226076
GSM7062736	GSE226076
GSM7062737	GSE226076
GSM7062738	GSE226076
GSM7062739	GSE226076
GSM7062740	GSE226076
GSM7062741	GSE226076
GSM7062742	GSE226076
GSM7062743	GSE226076
GSM7062744	GSE226076
GSM7062745	GSE226076
GSM7062746	GSE226076
GSM7062747	GSE226076
GSM7062748	GSE226076
GSM7062749	GSE226076
GSM7855182	GSE246081
GSM7855183	GSE246081
GSM7855184	GSE246081
GSM7855185	GSE246081
GSM7855186	GSE246081
GSM7855187	GSE246081
GSM7855188	GSE246081
GSM7855189	GSE246081
GSM7855190	GSE246081
GSM7855191	GSE246081
GSM7855192	GSE246081
GSM7855193	GSE246081
GSM7855194	GSE246081
GSM7855195	GSE246081
GSM7855196	GSE246081
GSM7855197	GSE246081
GSM7855198	GSE246081
GSM7855199	GSE246081
GSM7855200	GSE246081
GSM7855201	GSE246081
GSM7855202	GSE246081
GSM7855203	GSE246081
GSM7855204	GSE246081
GSM7855205	GSE246081
GSM7855206	GSE246081
GSM7855207	GSE246081
GSM7855208	GSE246081
GSM7855209	GSE246081
GSM7855210	GSE246081
GSM3717667	GSE129632
GSM3717668	GSE129632
GSM3717669	GSE129632
GSM3717670	GSE129632
GSM3717671	GSE129632
GSM8197925	GSE263756
GSM8197926	GSE263756
GSM8197927	GSE263756
GSM8197928	GSE263756
GSM8197929	GSE263756
GSM8197930	GSE263756
GSM8197931	GSE263756
GSM8197932	GSE263756
GSM8197933	GSE263756
GSM8197934	GSE263756
GSM8197935	GSE263756
GSM8197936	GSE263756
GSM8197937	GSE263756
GSM8197938	GSE263756
GSM8197939	GSE263756
GSM8197940	GSE263756
GSM8197941	GSE263756
GSM8197942	GSE263756
GSM8197943	GSE263756
GSM8197944	GSE263756
GSM8197945	GSE263756
GSM8197946	GSE263756
GSM8197947	GSE263756
GSM8197948	GSE263756
GSM8197949	GSE263756
GSM8197950	GSE263756
GSM8197951	GSE263756
GSM8197952	GSE263756
GSM8197953	GSE263756
GSM8197954	GSE263756
GSM8197955	GSE263756
GSM8197956	GSE263756
GSM8197957	GSE263756
GSM8197958	GSE263756
GSM8197959	GSE263756
GSM8197960	GSE263756
GSM8197961	GSE263756
GSM8197962	GSE263756
GSM8197963	GSE263756
GSM8197964	GSE263756
GSM8197965	GSE263756
GSM8197966	GSE263756
GSM8197967	GSE263756
GSM8197968	GSE263756
GSM8197969	GSE263756
GSM8197970	GSE263756
GSM8197971	GSE263756
GSM8197972	GSE263756
GSM7248287	GSE231058
GSM7248288	GSE231058
GSM5718663	GSE190253
GSM5718664	GSE190253
GSM5949851	GSE198518
GSM5949852	GSE198518
GSM5949853	GSE198518
GSM5949854	GSE198518
GSM5949855	GSE198518
GSM5949856	GSE198518
GSM5949857	GSE198518
GSM5949858	GSE198518
GSM5949859	GSE198518
GSM5949860	GSE198518
GSM5949861	GSE198518
GSM5949862	GSE198518
GSM5949863	GSE198518
GSM5949864	GSE198518
GSM5949865	GSE198518
GSM5949866	GSE198518
GSM5949867	GSE198518
GSM5949868	GSE198518
GSM5949869	GSE198518
GSM5949870	GSE198518
GSM5949871	GSE198518
GSM5949872	GSE198518
GSM5949873	GSE198518
GSM5949874	GSE198518
GSM5949875	GSE198518
GSM5949876	GSE198518
GSM5949877	GSE198518
GSM5949878	GSE198518
GSM5949879	GSE198518
GSM5949880	GSE198518
GSM5956955	GSE198518
GSM5956956	GSE198518
GSM5956957	GSE198518
GSM5956958	GSE198518
GSM5956959	GSE198518
GSM5956960	GSE198518
GSM6253173	GSE198518
GSM6253174	GSE198518
GSM6253175	GSE198518
GSM6253176	GSE198518
GSM6253177	GSE198518
GSM6253178	GSE198518
GSM6253179	GSE198518
GSM6253180	GSE198518
GSM6253181	GSE198518
GSM6253182	GSE198518
GSM6380118	GSE209585
GSM6380119	GSE209585
GSM6380120	GSE209585
GSM6380121	GSE209585
GSM6380122	GSE209585
GSM6380123	GSE209585
GSM6380124	GSE209585
GSM6380125	GSE209585
GSM7078876	GSE226568
GSM7078877	GSE226568
GSM7078878	GSE226568
GSM7078879	GSE226568
GSM7078880	GSE226568
GSM7078881	GSE226568
GSM7078882	GSE226568
GSM7078883	GSE226568
GSM7078884	GSE226568
GSM7078885	GSE226568
GSM7078886	GSE226568
GSM7078887	GSE226568
GSM7078888	GSE226568
GSM7078889	GSE226568
GSM7078890	GSE226568
GSM7078891	GSE226568
GSM7078892	GSE226568
GSM7078893	GSE226568
GSM7078894	GSE226568
GSM7078895	GSE226568
GSM7078896	GSE226568
GSM7078897	GSE226568
GSM7078898	GSE226568
GSM7078899	GSE226568
GSM7078900	GSE226568
GSM7078901	GSE226568
GSM7078902	GSE226568
GSM7078903	GSE226568
GSM7078904	GSE226568
GSM7078905	GSE226568
GSM7078906	GSE226568
GSM7078907	GSE226568
GSM7078908	GSE226568
GSM7078909	GSE226568
GSM7078910	GSE226568
GSM7078911	GSE226568
GSM7078912	GSE226568
GSM7078913	GSE226568
GSM7078914	GSE226568
GSM7078915	GSE226568
GSM7078916	GSE226568
GSM7078917	GSE226568
GSM7078918	GSE226568
GSM7078919	GSE226568
GSM7078920	GSE226568
GSM7078921	GSE226568
GSM7078922	GSE226568
GSM7078923	GSE226568
GSM7078924	GSE226568
GSM7078925	GSE226568
GSM7078926	GSE226568
GSM7078927	GSE226568
GSM7078928	GSE226568
GSM7078929	GSE226568
GSM7078930	GSE226568
GSM7078931	GSE226568
GSM7078932	GSE226568
GSM7078933	GSE226568
GSM7078934	GSE226568
GSM7078935	GSE226568
GSM7078936	GSE226568
GSM7078937	GSE226568
GSM7078938	GSE226568
GSM7078939	GSE226568
GSM7078940	GSE226568
GSM7078941	GSE226568
GSM7078942	GSE226568
GSM7078943	GSE226568
GSM7078944	GSE226568
GSM7078945	GSE226568
GSM7078946	GSE226568
GSM7078947	GSE226568
GSM7078948	GSE226568
GSM7078949	GSE226568
GSM7078950	GSE226568
GSM7078951	GSE226568
GSM7078952	GSE226568
GSM7078953	GSE226568
GSM5828135	GSE194102
GSM5828136	GSE194102
GSM5910075	GSE197142
GSM5910076	GSE197142
GSM5910077	GSE197142
GSM5910078	GSE197142
GSM5910079	GSE197142
GSM5910080	GSE197142
GSM5910081	GSE197142
GSM5910082	GSE197142
GSM5910083	GSE197142
GSM5910084	GSE197142
GSM5910085	GSE197142
GSM5910086	GSE197142
GSM5910087	GSE197142
GSM5910088	GSE197142
GSM5910089	GSE197142
GSM5910090	GSE197142
GSM5910091	GSE197142
GSM5910092	GSE197142
GSM5910093	GSE197142
GSM5910094	GSE197142
GSM5910095	GSE197142
GSM5910096	GSE197142
GSM5910097	GSE197142
GSM5910098	GSE197142
GSM5910099	GSE197142
GSM5910100	GSE197142
GSM5910101	GSE197142
GSM6293889	GSE207514
GSM6293890	GSE207514
GSM6293891	GSE207514
GSM6293892	GSE207514
GSM6293893	GSE207514
GSM6293894	GSE207514
GSM6293895	GSE207514
GSM6293896	GSE207514
GSM6293897	GSE207514
GSM6293898	GSE207514
GSM6293899	GSE207514
GSM6293900	GSE207514
GSM6215960	GSE205655
GSM6215961	GSE205655
GSM6215962	GSE205655
GSM6215963	GSE205655
GSM6215964	GSE205655
GSM6215965	GSE205655
GSM6215966	GSE205655
GSM6215967	GSE205655
GSM6215968	GSE205655
GSM6215969	GSE205655
GSM6215970	GSE205655
GSM6215971	GSE205655
GSM6215972	GSE205655
GSM6215973	GSE205655
GSM6215974	GSE205655
GSM6216038	GSE205655
GSM6216039	GSE205655
GSM6216040	GSE205655
GSM6216041	GSE205655
GSM6216042	GSE205655
GSM6216043	GSE205655
GSM6216044	GSE205655
GSM6216045	GSE205655
GSM6216046	GSE205655
GSM6216047	GSE205655
GSM6216048	GSE205655
GSM6216049	GSE205655
GSM6216050	GSE205655
GSM6216051	GSE205655
GSM6216052	GSE205655
GSM7186916	GSE230097
GSM7186917	GSE230097
GSM7186918	GSE230097
GSM7186919	GSE230097
GSM7186920	GSE230097
GSM7186921	GSE230097
GSM7186922	GSE230097
GSM7186923	GSE230097
GSM7186924	GSE230097
GSM7186925	GSE230097
GSM7186926	GSE230097
GSM7186927	GSE230097
GSM7186928	GSE230097
GSM7186929	GSE230097
GSM7186930	GSE230097
GSM7186931	GSE230097
GSM6285367	GSE207390
GSM6285368	GSE207390
GSM6285369	GSE207390
GSM6285370	GSE207390
GSM6285371	GSE207390
GSM6285372	GSE207390
GSM6285373	GSE207390
GSM6285374	GSE207390
GSM6285375	GSE207390
GSM6285376	GSE207390
GSM6285377	GSE207390
GSM6285378	GSE207390
GSM6285379	GSE207390
GSM6285380	GSE207390
GSM6285381	GSE207390
GSM6285382	GSE207390
GSM6285383	GSE207390
GSM6285384	GSE207390
GSM6285385	GSE207390
GSM6285386	GSE207390
GSM6285387	GSE207390
GSM6285388	GSE207390
GSM6285389	GSE207390
GSM6285390	GSE207390
GSM6285391	GSE207390
GSM6285392	GSE207390
GSM6285393	GSE207390
GSM7898606	GSE247667
GSM7898607	GSE247667
GSM7898608	GSE247667
GSM7898609	GSE247667
GSM7898610	GSE247667
GSM7898611	GSE247667
GSM5624246	GSE185993
GSM5624247	GSE185993
GSM5624248	GSE185993
GSM5624249	GSE185993
GSM5624250	GSE185993
GSM5624251	GSE185993
GSM5624252	GSE185993
GSM5624253	GSE185993
GSM5624254	GSE185993
GSM5624255	GSE185993
GSM5624256	GSE185993
GSM5624257	GSE185993
GSM5624258	GSE185993
GSM5624259	GSE185993
GSM5624260	GSE185993
GSM5624261	GSE185993
GSM5624262	GSE185993
GSM5624263	GSE185993
GSM5624264	GSE185993
GSM5624265	GSE185993
GSM5624266	GSE185993
GSM5624267	GSE185993
GSM5624268	GSE185993
GSM5624269	GSE185993
GSM5624270	GSE185993
GSM5624271	GSE185993
GSM5624272	GSE185993
GSM5624273	GSE185993
GSM5624274	GSE185993
GSM5624275	GSE185993
GSM5624276	GSE185993
GSM5624277	GSE185993
GSM5624278	GSE185993
GSM5624279	GSE185993
GSM5624280	GSE185993
GSM5624281	GSE185993
GSM5624282	GSE185993
GSM5624283	GSE185993
GSM5624284	GSE185993
GSM5624285	GSE185993
GSM5624286	GSE185993
GSM5624287	GSE185993
GSM5624288	GSE185993
GSM5624289	GSE185993
GSM5624290	GSE185993
GSM5624291	GSE185993
GSM5624292	GSE185993
GSM5624293	GSE185993
GSM5624294	GSE185993
GSM5624295	GSE185993
GSM5624296	GSE185993
GSM5624297	GSE185993
GSM5624298	GSE185993
GSM5624299	GSE185993
GSM5624300	GSE185993
GSM5624301	GSE185993
GSM5624302	GSE185993
GSM5624303	GSE185993
GSM5624304	GSE185993
GSM5624305	GSE185993
GSM5624306	GSE185993
GSM5624307	GSE185993
GSM5624308	GSE185993
GSM5624309	GSE185993
GSM5624376	GSE185993
GSM5624377	GSE185993
GSM5624378	GSE185993
GSM5624379	GSE185993
GSM5624380	GSE185993
GSM5624381	GSE185993
GSM5624382	GSE185993
GSM5624383	GSE185993
GSM5624384	GSE185993
GSM5624385	GSE185993
GSM5624386	GSE185993
GSM5624387	GSE185993
GSM5624388	GSE185993
GSM5624389	GSE185993
GSM5624390	GSE185993
GSM5624391	GSE185993
GSM5628163	GSE185993
GSM5628164	GSE185993
GSM5628165	GSE185993
GSM5628166	GSE185993
GSM5628167	GSE185993
GSM5628168	GSE185993
GSM5628169	GSE185993
GSM5628170	GSE185993
GSM5628171	GSE185993
GSM5628172	GSE185993
GSM5628173	GSE185993
GSM5628174	GSE185993
GSM5628175	GSE185993
GSM5628176	GSE185993
GSM5628177	GSE185993
GSM5628178	GSE185993
GSM5628179	GSE185993
GSM5628180	GSE185993
GSM5628181	GSE185993
GSM5628182	GSE185993
GSM5628183	GSE185993
GSM5628184	GSE185993
GSM5628185	GSE185993
GSM5628186	GSE185993
GSM5628187	GSE185993
GSM5628188	GSE185993
GSM5628189	GSE185993
GSM5628190	GSE185993
GSM5628191	GSE185993
GSM5628192	GSE185993
GSM5628195	GSE185993
GSM5628196	GSE185993
GSM5628197	GSE185993
GSM6412447	GSE185993
GSM6412448	GSE185993
GSM6412449	GSE185993
GSM6412450	GSE185993
GSM6412451	GSE185993
GSM6412452	GSE185993
GSM6412453	GSE185993
GSM6412454	GSE185993
GSM6412455	GSE185993
GSM4988111	GSE163840
GSM4988112	GSE163840
GSM4988113	GSE163840
GSM4988114	GSE163840
GSM4988115	GSE163840
GSM4988116	GSE163840
GSM4988117	GSE163840
GSM4988118	GSE163840
GSM6355994	GSE208637
GSM6355995	GSE208637
GSM6355996	GSE208637
GSM6355997	GSE208637
GSM6355998	GSE208637
GSM6355999	GSE208637
GSM6356000	GSE208637
GSM6356001	GSE208637
GSM6356002	GSE208637
GSM6356003	GSE208637
GSM6782635	GSE219461
GSM6782636	GSE219461
GSM7833267	GSE244989
GSM7833268	GSE244989
GSM7833269	GSE244989
GSM7833270	GSE244989
GSM7833271	GSE244989
GSM7833272	GSE244989
GSM7833273	GSE244989
GSM7833274	GSE244989
GSM7833275	GSE244989
GSM7833276	GSE244989
GSM7833277	GSE244989
GSM7833278	GSE244989
GSM7833279	GSE244989
GSM7833280	GSE244989
GSM7833281	GSE244989
GSM7833282	GSE244989
GSM7833283	GSE244989
GSM7833284	GSE244989
GSM7833285	GSE244989
GSM7833286	GSE244989
GSM7833287	GSE244989
GSM7833288	GSE244989
GSM7833289	GSE244989
GSM7833290	GSE244989
GSM7833291	GSE244989
GSM7833292	GSE244989
GSM7833293	GSE244989
GSM7833294	GSE244989
GSM7833295	GSE244989
GSM7833296	GSE244989
GSM7833297	GSE244989
GSM7833298	GSE244989
GSM7833299	GSE244989
GSM7833300	GSE244989
GSM7833301	GSE244989
GSM7833302	GSE244989
GSM7833303	GSE244989
GSM7833304	GSE244989
GSM7833305	GSE244989
GSM7833306	GSE244989
GSM7833307	GSE244989
GSM7833308	GSE244989
GSM7833309	GSE244989
GSM7833310	GSE244989
GSM7833311	GSE244989
GSM7833312	GSE244989
GSM7833313	GSE244989
GSM7833314	GSE244989
GSM7833315	GSE244989
GSM7833316	GSE244989
GSM7833317	GSE244989
GSM7833318	GSE244989
GSM7833319	GSE244989
GSM7833320	GSE244989
GSM7833321	GSE244989
GSM7833322	GSE244989
GSM7833323	GSE244989
GSM7833324	GSE244989
GSM7833325	GSE244989
GSM7833326	GSE244989
GSM7833327	GSE244989
GSM7833328	GSE244989
GSM7833329	GSE244989
GSM7833330	GSE244989
GSM7833331	GSE244989
GSM7833332	GSE244989
GSM7833333	GSE244989
GSM7833334	GSE244989
GSM7833335	GSE244989
GSM7833336	GSE244989
GSM7833337	GSE244989
GSM7833338	GSE244989
GSM7833339	GSE244989
GSM7833340	GSE244989
GSM7833341	GSE244989
GSM7833342	GSE244989
GSM7833343	GSE244989
GSM7833344	GSE244989
GSM7833345	GSE244989
GSM7833346	GSE244989
GSM7833347	GSE244989
GSM7833348	GSE244989
GSM7833349	GSE244989
GSM7833350	GSE244989
GSM7833351	GSE244989
GSM7833352	GSE244989
GSM7833353	GSE244989
GSM7833354	GSE244989
GSM7833355	GSE244989
GSM7833356	GSE244989
GSM7833357	GSE244989
GSM7833358	GSE244989
GSM7833359	GSE244989
GSM7833360	GSE244989
GSM7833361	GSE244989
GSM7833362	GSE244989
GSM7833363	GSE244989
GSM7833364	GSE244989
GSM7833365	GSE244989
GSM7833366	GSE244989
GSM7833367	GSE244989
GSM7833368	GSE244989
GSM7833369	GSE244989
GSM7833370	GSE244989
GSM7833371	GSE244989
GSM7833372	GSE244989
GSM7833373	GSE244989
GSM7833374	GSE244989
GSM7833375	GSE244989
GSM7833376	GSE244989
GSM7833377	GSE244989
GSM7833378	GSE244989
GSM7833379	GSE244989
GSM7833380	GSE244989
GSM7833381	GSE244989
GSM7833383	GSE244989
GSM7833384	GSE244989
GSM7833385	GSE244989
GSM7833386	GSE244989
GSM7833387	GSE244989
GSM7833388	GSE244989
GSM7833389	GSE244989
GSM7833390	GSE244989
GSM7833391	GSE244989
GSM7833392	GSE244989
GSM7833393	GSE244989
GSM7833394	GSE244989
GSM7833395	GSE244989
GSM7833396	GSE244989
GSM7833397	GSE244989
GSM7833398	GSE244989
GSM7833399	GSE244989
GSM7833400	GSE244989
GSM7833401	GSE244989
GSM7833402	GSE244989
GSM7833403	GSE244989
GSM7833404	GSE244989
GSM7833405	GSE244989
GSM7833406	GSE244989
GSM7833407	GSE244989
GSM7833408	GSE244989
GSM7833409	GSE244989
GSM2188553	GSE82303
GSM2188554	GSE82303
GSM2188555	GSE82303
GSM2188556	GSE82303
GSM2188557	GSE82303
GSM2188558	GSE82303
GSM2188559	GSE82303
GSM2188560	GSE82303
GSM2188561	GSE82303
GSM2188562	GSE82303
GSM2188563	GSE82303
GSM2188564	GSE82303
GSM2188565	GSE82303
GSM2188566	GSE82303
GSM2188567	GSE82303
GSM2188568	GSE82303
GSM2188569	GSE82303
GSM2188570	GSE82303
GSM2188571	GSE82303
GSM2188572	GSE82303
GSM2188573	GSE82303
GSM2188574	GSE82303
GSM2188575	GSE82303
GSM2188576	GSE82303
GSM2188577	GSE82303
GSM2188578	GSE82303
GSM2188579	GSE82303
GSM2188580	GSE82303
GSM2188581	GSE82303
GSM2188582	GSE82303
GSM2188583	GSE82303
GSM2188584	GSE82303
GSM2188585	GSE82303
GSM2188586	GSE82303
GSM2188587	GSE82303
GSM2188588	GSE82303
GSM2188589	GSE82303
GSM2188590	GSE82303
GSM2188591	GSE82303
GSM2188592	GSE82303
GSM2188593	GSE82303
GSM2188594	GSE82303
GSM2188595	GSE82303
GSM2188596	GSE82303
GSM2188597	GSE82303
GSM2188598	GSE82303
GSM2188599	GSE82303
GSM2188600	GSE82303
GSM2188601	GSE82303
GSM2188602	GSE82303
GSM2188603	GSE82303
GSM2188604	GSE82303
GSM2188605	GSE82303
GSM2188606	GSE82303
GSM2188607	GSE82303
GSM2188608	GSE82303
GSM2188609	GSE82303
GSM2188610	GSE82303
GSM2188611	GSE82303
GSM2188612	GSE82303
GSM2188613	GSE82303
GSM2188614	GSE82303
GSM2188615	GSE82303
GSM2188616	GSE82303
GSM2188617	GSE82303
GSM2188618	GSE82303
GSM2188619	GSE82303
GSM2188620	GSE82303
GSM2188621	GSE82303
GSM2188622	GSE82303
GSM2188623	GSE82303
GSM2188624	GSE82303
GSM2188625	GSE82303
GSM2188626	GSE82303
GSM2188627	GSE82303
GSM2188628	GSE82303
GSM2188629	GSE82303
GSM2188630	GSE82303
GSM2188631	GSE82303
GSM2188632	GSE82303
GSM2188633	GSE82303
GSM2188634	GSE82303
GSM2188635	GSE82303
GSM2188636	GSE82303
GSM2188637	GSE82303
GSM2188638	GSE82303
GSM2188639	GSE82303
GSM2188640	GSE82303
GSM2188641	GSE82303
GSM2188642	GSE82303
GSM2188643	GSE82303
GSM2188644	GSE82303
GSM2188645	GSE82303
GSM2188646	GSE82303
GSM2188647	GSE82303
GSM2188648	GSE82303
GSM2188649	GSE82303
GSM2188650	GSE82303
GSM2188651	GSE82303
GSM2188652	GSE82303
GSM2188653	GSE82303
GSM2188654	GSE82303
GSM2188655	GSE82303
GSM2188656	GSE82303
GSM2188657	GSE82303
GSM2188658	GSE82303
GSM2188659	GSE82303
GSM2188660	GSE82303
GSM2188661	GSE82303
GSM2188662	GSE82303
GSM2188663	GSE82303
GSM2188664	GSE82303
GSM2188665	GSE82303
GSM2188666	GSE82303
GSM2188667	GSE82303
GSM2188668	GSE82303
GSM2188669	GSE82303
GSM2188670	GSE82303
GSM2188671	GSE82303
GSM2188672	GSE82303
GSM2188673	GSE82303
GSM5917422	GSE197440
GSM5917423	GSE197440
GSM5917424	GSE197440
GSM5917425	GSE197440
GSM6659396	GSE216153
GSM6659397	GSE216153
GSM6659398	GSE216153
GSM6659399	GSE216153
GSM6659400	GSE216153
GSM6659401	GSE216153
GSM6659402	GSE216153
GSM6659403	GSE216153
GSM6659404	GSE216153
GSM6659405	GSE216153
GSM6659406	GSE216153
GSM6659407	GSE216153
GSM6659408	GSE216153
GSM6659409	GSE216153
GSM6659410	GSE216153
GSM6659411	GSE216153
GSM6449878	GSE211087
GSM6449879	GSE211087
GSM6449880	GSE211087
GSM6449881	GSE211087
GSM6449882	GSE211087
GSM6449883	GSE211087
GSM6449884	GSE211087
GSM6449885	GSE211087
GSM7812888	GSE244327
GSM7812889	GSE244327
GSM7812890	GSE244327
GSM7812891	GSE244327
GSM7812892	GSE244327
GSM7812893	GSE244327
GSM7813610	GSE244327
GSM7813611	GSE244327
GSM7813612	GSE244327
GSM7813613	GSE244327
GSM7813614	GSE244327
GSM7813615	GSE244327
GSM7024537	GSE224460
GSM7024538	GSE224460
GSM7024539	GSE224460
GSM7024540	GSE224460
GSM7024541	GSE224460
GSM7024542	GSE224460
GSM6423447	GSE210202
GSM6423448	GSE210202
GSM6423449	GSE210202
GSM6423450	GSE210202
GSM6423451	GSE210202
GSM6423452	GSE210202
GSM6423453	GSE210202
GSM6423454	GSE210202
GSM6423455	GSE210202
GSM6423456	GSE210202
GSM6423457	GSE210202
GSM6423458	GSE210202
GSM7321059	GSE232221
GSM7321060	GSE232221
GSM7321061	GSE232221
GSM7321062	GSE232221
GSM7321063	GSE232221
GSM7321064	GSE232221
GSM7321065	GSE232221
GSM7321066	GSE232221
GSM7321067	GSE232221
GSM7321068	GSE232221
GSM6404225	GSE209897
GSM6404226	GSE209897
GSM6404227	GSE209897
GSM6404228	GSE209897
GSM6404229	GSE209897
GSM6404230	GSE209897
GSM6404231	GSE209897
GSM6404232	GSE209897
GSM4673252	GSE154548
GSM4673253	GSE154548
GSM4673254	GSE154548
GSM4673255	GSE154548
GSM4673256	GSE154548
GSM4673257	GSE154548
GSM4673258	GSE154548
GSM4673259	GSE154548
GSM4673260	GSE154548
GSM4673261	GSE154548
GSM4673262	GSE154548
GSM4673263	GSE154548
GSM4673264	GSE154548
GSM4673265	GSE154548
GSM4673266	GSE154548
GSM4673267	GSE154548
GSM4673268	GSE154548
GSM4673269	GSE154548
GSM4673270	GSE154548
GSM4673271	GSE154548
GSM4673272	GSE154548
GSM4673273	GSE154548
GSM4673274	GSE154548
GSM4673275	GSE154548
GSM4673276	GSE154548
GSM4673277	GSE154548
GSM4673278	GSE154548
GSM4673279	GSE154548
GSM4673280	GSE154548
GSM4673281	GSE154548
GSM4673282	GSE154548
GSM4673283	GSE154548
GSM4673284	GSE154548
GSM4673285	GSE154548
GSM4673286	GSE154548
GSM4673287	GSE154548
GSM4673288	GSE154548
GSM4673289	GSE154548
GSM4673290	GSE154548
GSM4673291	GSE154548
GSM5734417	GSE190929
GSM5734418	GSE190929
GSM5734419	GSE190929
GSM5734420	GSE190929
GSM7843893	GSE245495
GSM7843894	GSE245495
GSM8204648	GSE263890
GSM8204649	GSE263890
GSM8204651	GSE263890
GSM8204652	GSE263890
GSM6813258	GSE220734
GSM6813259	GSE220734
GSM6813260	GSE220734
GSM6813261	GSE220734
GSM7245828	GSE230864
GSM7245829	GSE230864
GSM7245830	GSE230864
GSM7245831	GSE230864
GSM7245832	GSE230864
GSM7245833	GSE230864
GSM7245834	GSE230864
GSM7245835	GSE230864
GSM7245836	GSE230864
GSM7245837	GSE230864
GSM7245838	GSE230864
GSM7245839	GSE230864
GSM7245840	GSE230864
GSM7245841	GSE230864
GSM7245842	GSE230864
GSM7245843	GSE230864
GSM7245844	GSE230864
GSM7245845	GSE230864
GSM7245846	GSE230864
GSM7245847	GSE230864
GSM7245848	GSE230864
GSM7245849	GSE230864
GSM7245850	GSE230864
GSM7245851	GSE230864
GSM7245852	GSE230864
GSM7245853	GSE230864
GSM7245854	GSE230864
GSM7245855	GSE230864
GSM7245856	GSE230864
GSM7245857	GSE230864
GSM7245858	GSE230864
GSM7245859	GSE230864
GSM7245860	GSE230864
GSM7245861	GSE230864
GSM7245862	GSE230864
GSM7245863	GSE230864
GSM7245864	GSE230864
GSM7245865	GSE230864
GSM7245866	GSE230864
GSM7097885	GSE227329
GSM7097886	GSE227329
GSM7097887	GSE227329
GSM7097888	GSE227329
GSM7097889	GSE227329
GSM7097890	GSE227329
GSM7097891	GSE227329
GSM7097892	GSE227329
GSM7097893	GSE227329
GSM7097894	GSE227329
GSM7097895	GSE227329
GSM7097896	GSE227329
GSM7097897	GSE227329
GSM7097898	GSE227329
GSM5603676	GSE108623
GSM5603677	GSE108623
GSM5603678	GSE108623
GSM5603679	GSE108623
GSM5603680	GSE108623
GSM5603681	GSE108623
GSM5603682	GSE108623
GSM5603683	GSE108623
GSM5603684	GSE108623
GSM5603685	GSE108623
GSM6372934	GSE209118
GSM6372935	GSE209118
